t;water_root_shoot_xylem;AA_root_shoot_phloem;soil_temperature
0;0;3.96E-07;8.0516
1;0;3.97E-07;8.05107128
2;0;3.97E-07;8.05054512
3;0;3.97E-07;8.05002152
4;0;3.97E-07;8.04950048
5;0;3.97E-07;8.048982
6;0;3.97E-07;8.04846608
7;0;3.98E-07;8.04795272
8;0;3.98E-07;8.04744192
9;0;3.98E-07;8.04693368
10;0;3.98E-07;8.046428
11;0;3.98E-07;8.04592488
12;0;3.99E-07;8.04542432
13;0;3.99E-07;8.04492632
14;0;3.99E-07;8.04443088
15;0;3.99E-07;8.043938
16;0;3.99E-07;8.04344768
17;0;3.99E-07;8.04295992
18;0;4.00E-07;8.04247472
19;0;4.00E-07;8.04199208
20;0;4.00E-07;8.041512
21;0;4.00E-07;8.04103448
22;0;4.00E-07;8.04055952
23;0;4.01E-07;8.04008712
24;0;4.01E-07;8.03961728
25;0;4.01E-07;8.03915
26;0;4.01E-07;8.03868528
27;0;4.01E-07;8.03822312
28;0;4.01E-07;8.03776352
29;0;4.02E-07;8.03730648
30;0;4.02E-07;8.036852
31;0;4.02E-07;8.03640008
32;0;4.02E-07;8.03595072
33;0;4.02E-07;8.03550392
34;0;4.03E-07;8.03505968
35;0;4.03E-07;8.034618
36;0;4.03E-07;8.03417888
37;0;4.03E-07;8.03374232
38;0;4.03E-07;8.03330832
39;0;4.03E-07;8.03287688
40;0;4.04E-07;8.032448
41;0;4.04E-07;8.03202168
42;0;4.04E-07;8.03159792
43;0;4.04E-07;8.03117672
44;0;4.04E-07;8.03075808
45;0;4.05E-07;8.030342
46;0;4.05E-07;8.02992848
47;0;4.05E-07;8.02951752
48;0;4.05E-07;8.02910912
49;0;4.05E-07;8.02870328
50;0;4.05E-07;8.0283
51;0;4.06E-07;8.02789928
52;0;4.06E-07;8.02750112
53;0;4.06E-07;8.02710552
54;0;4.06E-07;8.02671248
55;0;4.06E-07;8.026322
56;0;4.07E-07;8.02593408
57;0;4.07E-07;8.02554872
58;0;4.07E-07;8.02516592
59;0;4.07E-07;8.02478568
60;0;4.07E-07;8.024408
61;0;4.07E-07;8.02403288
62;0;4.08E-07;8.02366032
63;0;4.08E-07;8.02329032
64;0;4.08E-07;8.02292288
65;0;4.08E-07;8.022558
66;0;4.08E-07;8.02219568
67;0;4.09E-07;8.02183592
68;0;4.09E-07;8.02147872
69;0;4.09E-07;8.02112408
70;0;4.09E-07;8.020772
71;0;4.09E-07;8.02042248
72;0;4.09E-07;8.02007552
73;0;4.10E-07;8.01973112
74;0;4.10E-07;8.01938928
75;0;4.10E-07;8.01905
76;0;4.10E-07;8.01871328
77;0;4.10E-07;8.01837912
78;0;4.11E-07;8.01804752
79;0;4.11E-07;8.01771848
80;0;4.11E-07;8.017392
81;0;4.11E-07;8.01706808
82;0;4.11E-07;8.01674672
83;0;4.11E-07;8.01642792
84;0;4.12E-07;8.01611168
85;0;4.12E-07;8.015798
86;0;4.12E-07;8.01548688
87;0;4.12E-07;8.01517832
88;0;4.12E-07;8.01487232
89;0;4.12E-07;8.01456888
90;0;4.13E-07;8.014268
91;0;4.13E-07;8.01396968
92;0;4.13E-07;8.01367392
93;0;4.13E-07;8.01338072
94;0;4.13E-07;8.01309008
95;0;4.14E-07;8.012802
96;0;4.14E-07;8.01251648
97;0;4.14E-07;8.01223352
98;0;4.14E-07;8.01195312
99;0;4.14E-07;8.01167528
100;0;4.14E-07;8.0114
101;0;4.15E-07;8.01112728
102;0;4.15E-07;8.01085712
103;0;4.15E-07;8.01058952
104;0;4.15E-07;8.01032448
105;0;4.15E-07;8.010062
106;0;4.16E-07;8.00980208
107;0;4.16E-07;8.00954472
108;0;4.16E-07;8.00928992
109;0;4.16E-07;8.00903768
110;0;4.16E-07;8.008788
111;0;4.16E-07;8.00854088
112;0;4.17E-07;8.00829632
113;0;4.17E-07;8.00805432
114;0;4.17E-07;8.00781488
115;0;4.17E-07;8.007578
116;0;4.17E-07;8.00734368
117;0;4.18E-07;8.00711192
118;0;4.18E-07;8.00688272
119;0;4.18E-07;8.00665608
120;0;4.18E-07;8.006432
121;0;4.18E-07;8.00621048
122;0;4.18E-07;8.00599152
123;0;4.19E-07;8.00577512
124;0;4.19E-07;8.00556128
125;0;4.19E-07;8.00535
126;0;4.19E-07;8.00514128
127;0;4.19E-07;8.00493512
128;0;4.20E-07;8.00473152
129;0;4.20E-07;8.00453048
130;0;4.20E-07;8.004332
131;0;4.20E-07;8.00413608
132;0;4.20E-07;8.00394272
133;0;4.20E-07;8.00375192
134;0;4.21E-07;8.00356368
135;0;4.21E-07;8.003378
136;0;4.21E-07;8.00319488
137;0;4.21E-07;8.00301432
138;0;4.21E-07;8.00283632
139;0;4.22E-07;8.00266088
140;0;4.22E-07;8.002488
141;0;4.22E-07;8.00231768
142;0;4.22E-07;8.00214992
143;0;4.22E-07;8.00198472
144;0;4.22E-07;8.00182208
145;0;4.23E-07;8.001662
146;0;4.23E-07;8.00150448
147;0;4.23E-07;8.00134952
148;0;4.23E-07;8.00119712
149;0;4.23E-07;8.00104728
150;0;4.24E-07;8.0009
151;0;4.24E-07;8.00075528
152;0;4.24E-07;8.00061312
153;0;4.24E-07;8.00047352
154;0;4.24E-07;8.00033648
155;0;4.24E-07;8.000202
156;0;4.25E-07;8.00007008
157;0;4.25E-07;7.99994072
158;0;4.25E-07;7.99981392
159;0;4.25E-07;7.99968968
160;0;4.25E-07;7.999568
161;0;4.26E-07;7.99944888
162;0;4.26E-07;7.99933232
163;0;4.26E-07;7.99921832
164;0;4.26E-07;7.99910688
165;0;4.26E-07;7.998998
166;0;4.26E-07;7.99889168
167;0;4.27E-07;7.99878792
168;0;4.27E-07;7.99868672
169;0;4.27E-07;7.99858808
170;0;4.27E-07;7.998492
171;0;4.27E-07;7.99839848
172;0;4.28E-07;7.99830752
173;0;4.28E-07;7.99821912
174;0;4.28E-07;7.99813328
175;0;4.28E-07;7.99805
176;0;4.28E-07;7.99796928
177;0;4.28E-07;7.99789112
178;0;4.29E-07;7.99781552
179;0;4.29E-07;7.99774248
180;0;4.29E-07;7.997672
181;0;4.29E-07;7.99760408
182;0;4.29E-07;7.99753872
183;0;4.29E-07;7.99747592
184;0;4.30E-07;7.99741568
185;0;4.30E-07;7.997358
186;0;4.30E-07;7.99730288
187;0;4.30E-07;7.99725032
188;0;4.30E-07;7.99720032
189;0;4.31E-07;7.99715288
190;0;4.31E-07;7.997108
191;0;4.31E-07;7.99706568
192;0;4.31E-07;7.99702592
193;0;4.31E-07;7.99698872
194;0;4.31E-07;7.99695408
195;0;4.32E-07;7.996922
196;0;4.32E-07;7.99689248
197;0;4.32E-07;7.99686552
198;0;4.32E-07;7.99684112
199;0;4.32E-07;7.99681928
200;0;4.33E-07;7.9968
201;0;4.33E-07;7.99678328
202;0;4.33E-07;7.99676912
203;0;4.33E-07;7.99675752
204;0;4.33E-07;7.99674848
205;0;4.33E-07;7.996742
206;0;4.34E-07;7.99673808
207;0;4.34E-07;7.99673672
208;0;4.34E-07;7.99673792
209;0;4.34E-07;7.99674168
210;0;4.34E-07;7.996748
211;0;4.35E-07;7.99675688
212;0;4.35E-07;7.99676832
213;0;4.35E-07;7.99678232
214;0;4.35E-07;7.99679888
215;0;4.35E-07;7.996818
216;0;4.35E-07;7.99683968
217;0;4.36E-07;7.99686392
218;0;4.36E-07;7.99689072
219;0;4.36E-07;7.99692008
220;0;4.36E-07;7.996952
221;0;4.36E-07;7.99698648
222;0;4.37E-07;7.99702352
223;0;4.37E-07;7.99706312
224;0;4.37E-07;7.99710528
225;0;4.37E-07;7.99715
226;0;4.37E-07;7.99719728
227;0;4.37E-07;7.99724712
228;0;4.38E-07;7.99729952
229;0;4.38E-07;7.99735448
230;0;4.38E-07;7.997412
231;0;4.38E-07;7.99747208
232;0;4.38E-07;7.99753472
233;0;4.39E-07;7.99759992
234;0;4.39E-07;7.99766768
235;0;4.39E-07;7.997738
236;0;4.39E-07;7.99781088
237;0;4.39E-07;7.99788632
238;0;4.39E-07;7.99796432
239;0;4.40E-07;7.99804488
240;0;4.40E-07;7.998128
241;0;4.40E-07;7.99821368
242;0;4.40E-07;7.99830192
243;0;4.40E-07;7.99839272
244;0;4.41E-07;7.99848608
245;0;4.41E-07;7.998582
246;0;4.41E-07;7.99868048
247;0;4.41E-07;7.99878152
248;0;4.41E-07;7.99888512
249;0;4.41E-07;7.99899128
250;0;4.42E-07;7.9991
251;0;4.42E-07;7.99921128
252;0;4.42E-07;7.99932512
253;0;4.42E-07;7.99944152
254;0;4.42E-07;7.99956048
255;0;4.43E-07;7.999682
256;0;4.43E-07;7.99980608
257;0;4.43E-07;7.99993272
258;0;4.43E-07;8.00006192
259;0;4.43E-07;8.00019368
260;0;4.43E-07;8.000328
261;0;4.44E-07;8.00046488
262;0;4.44E-07;8.00060432
263;0;4.44E-07;8.00074632
264;0;4.44E-07;8.00089088
265;0;4.44E-07;8.001038
266;0;4.45E-07;8.00118768
267;0;4.45E-07;8.00133992
268;0;4.45E-07;8.00149472
269;0;4.45E-07;8.00165208
270;0;4.45E-07;8.001812
271;0;4.45E-07;8.00197448
272;0;4.46E-07;8.00213952
273;0;4.46E-07;8.00230712
274;0;4.46E-07;8.00247728
275;0;4.46E-07;8.00265
276;0;4.46E-07;8.00282528
277;0;4.46E-07;8.00300312
278;0;4.47E-07;8.00318352
279;0;4.47E-07;8.00336648
280;0;4.47E-07;8.003552
281;0;4.47E-07;8.00374008
282;0;4.47E-07;8.00393072
283;0;4.48E-07;8.00412392
284;0;4.48E-07;8.00431968
285;0;4.48E-07;8.004518
286;0;4.48E-07;8.00471888
287;0;4.48E-07;8.00492232
288;1.35E-07;4.48E-07;8.00512832
289;1.36E-07;4.49E-07;8.00533688
290;1.36E-07;4.49E-07;8.005548
291;1.36E-07;4.49E-07;8.00576168
292;1.36E-07;4.49E-07;8.00597792
293;1.36E-07;4.49E-07;8.00619672
294;1.36E-07;4.50E-07;8.00641808
295;1.36E-07;4.50E-07;8.006642
296;1.36E-07;4.50E-07;8.00686848
297;1.36E-07;4.50E-07;8.00709752
298;1.36E-07;4.50E-07;8.00732912
299;1.36E-07;4.50E-07;8.00756328
300;2.50E-06;4.51E-07;8.0078
301;1.04E-05;4.51E-07;8.00803928
302;1.01E-05;4.51E-07;8.00828112
303;9.35E-06;4.51E-07;8.00852552
304;8.11E-06;4.51E-07;8.00877248
305;6.41E-06;4.51E-07;8.009022
306;4.24E-06;4.51E-07;8.00927408
307;1.35E-07;4.51E-07;8.00952872
308;1.36E-07;4.51E-07;8.00978592
309;1.36E-07;4.51E-07;8.01004568
310;1.36E-07;4.51E-07;8.010308
311;1.36E-07;4.51E-07;8.01057288
312;1.36E-07;4.51E-07;8.01084032
313;1.36E-07;4.51E-07;8.01111032
314;1.36E-07;4.51E-07;8.01138288
315;1.36E-07;4.51E-07;8.011658
316;1.36E-07;4.51E-07;8.01193568
317;1.36E-07;4.51E-07;8.01221592
318;1.36E-07;4.51E-07;8.01249872
319;2.50E-06;4.51E-07;8.01278408
320;5.02E-06;4.51E-07;8.013072
321;7.07E-06;4.51E-07;8.01336248
322;8.65E-06;4.51E-07;8.01365552
323;9.76E-06;4.51E-07;8.01395112
324;1.04E-05;4.00E-07;8.01424928
325;1.06E-05;4.39E-07;8.01455
326;1.03E-05;4.39E-07;8.01485328
327;9.49E-06;4.42E-07;8.01515912
328;8.23E-06;4.47E-07;8.01546752
329;6.51E-06;4.54E-07;8.01577848
330;4.31E-06;4.64E-07;8.016092
331;1.37E-07;4.77E-07;8.01640808
332;1.38E-07;5.00E-07;8.01672672
333;1.38E-07;5.00E-07;8.01704792
334;1.38E-07;5.00E-07;8.01737168
335;1.38E-07;5.00E-07;8.017698
336;1.38E-07;4.99E-07;8.01802688
337;1.38E-07;4.99E-07;8.01835832
338;1.38E-07;4.99E-07;8.01869232
339;1.38E-07;4.99E-07;8.01902888
340;1.38E-07;4.99E-07;8.019368
341;1.38E-07;4.99E-07;8.01970968
342;1.38E-07;4.99E-07;8.02005392
343;2.54E-06;4.99E-07;8.02040072
344;5.09E-06;4.86E-07;8.02075008
345;7.17E-06;4.73E-07;8.021102
346;8.78E-06;4.62E-07;8.02145648
347;9.91E-06;4.54E-07;8.02181352
348;1.06E-05;4.48E-07;8.02217312
349;1.07E-05;4.46E-07;8.02253528
350;1.04E-05;4.45E-07;8.0229
351;9.63E-06;4.48E-07;8.02326728
352;8.36E-06;4.53E-07;8.02363712
353;6.61E-06;4.61E-07;8.02400952
354;4.37E-06;4.71E-07;8.02438448
355;1.40E-07;4.83E-07;8.024762
356;1.40E-07;5.07E-07;8.02514208
357;1.40E-07;5.07E-07;8.02552472
358;1.40E-07;5.06E-07;8.02590992
359;1.40E-07;5.06E-07;8.02629768
360;1.40E-07;5.06E-07;8.026688
361;1.40E-07;5.06E-07;8.02708088
362;1.40E-07;5.06E-07;8.02747632
363;1.40E-07;5.06E-07;8.02787432
364;1.40E-07;5.06E-07;8.02827488
365;1.40E-07;5.06E-07;8.028678
366;1.40E-07;5.06E-07;8.02908368
367;2.58E-06;5.06E-07;8.02949192
368;5.17E-06;4.93E-07;8.02990272
369;7.28E-06;4.79E-07;8.03031608
370;8.91E-06;4.68E-07;8.030732
371;1.01E-05;4.60E-07;8.03115048
372;1.07E-05;4.54E-07;8.03157152
373;1.09E-05;4.52E-07;8.03199512
374;1.06E-05;4.52E-07;8.03242128
375;9.77E-06;4.54E-07;8.03285
376;8.48E-06;4.59E-07;8.03328128
377;6.71E-06;4.67E-07;8.03371512
378;4.44E-06;4.77E-07;8.03415152
379;1.42E-07;4.90E-07;8.03459048
380;1.42E-07;5.14E-07;8.035032
381;1.42E-07;5.14E-07;8.03547608
382;1.42E-07;5.14E-07;8.03592272
383;1.42E-07;5.14E-07;8.03637192
384;1.42E-07;5.13E-07;8.03682368
385;1.42E-07;5.13E-07;8.037278
386;1.42E-07;5.13E-07;8.03773488
387;1.42E-07;5.13E-07;8.03819432
388;1.42E-07;5.13E-07;8.03865632
389;1.43E-07;5.13E-07;8.03912088
390;1.43E-07;5.13E-07;8.039588
391;2.62E-06;5.13E-07;8.04005768
392;5.25E-06;5.00E-07;8.04052992
393;7.39E-06;4.86E-07;8.04100472
394;9.04E-06;4.75E-07;8.04148208
395;1.02E-05;4.66E-07;8.041962
396;1.09E-05;4.61E-07;8.04244448
397;1.11E-05;4.58E-07;8.04292952
398;1.07E-05;4.58E-07;8.04341712
399;9.92E-06;4.60E-07;8.04390728
400;8.61E-06;4.66E-07;8.0444
401;6.81E-06;4.73E-07;8.04489528
402;4.50E-06;4.84E-07;8.04539312
403;1.44E-07;4.97E-07;8.04589352
404;1.44E-07;5.21E-07;8.04639648
405;1.44E-07;5.21E-07;8.046902
406;1.44E-07;5.21E-07;8.04741008
407;1.44E-07;5.21E-07;8.04792072
408;1.44E-07;5.21E-07;8.04843392
409;1.44E-07;5.21E-07;8.04894968
410;1.44E-07;5.21E-07;8.049468
411;1.44E-07;5.21E-07;8.04998888
412;1.45E-07;5.20E-07;8.05051232
413;1.45E-07;5.20E-07;8.05103832
414;1.45E-07;5.20E-07;8.05156688
415;2.66E-06;5.20E-07;8.052098
416;5.33E-06;5.07E-07;8.05263168
417;7.50E-06;4.93E-07;8.05316792
418;9.18E-06;4.81E-07;8.05370672
419;1.04E-05;4.73E-07;8.05424808
420;1.10E-05;4.67E-07;8.054792
421;1.12E-05;4.64E-07;8.05533848
422;1.09E-05;4.64E-07;8.05588752
423;1.01E-05;4.67E-07;8.05643912
424;8.74E-06;4.72E-07;8.05699328
425;6.91E-06;4.80E-07;8.05755
426;4.57E-06;4.90E-07;8.05810928
427;1.46E-07;5.04E-07;8.05867112
428;1.46E-07;5.28E-07;8.05923552
429;1.46E-07;5.28E-07;8.05980248
430;1.46E-07;5.28E-07;8.060372
431;1.46E-07;5.28E-07;8.06094408
432;1.46E-07;5.28E-07;8.06151872
433;1.46E-07;5.28E-07;8.06209592
434;1.47E-07;5.28E-07;8.06267568
435;1.47E-07;5.28E-07;8.063258
436;1.47E-07;5.28E-07;8.06384288
437;1.47E-07;5.28E-07;8.06443032
438;1.47E-07;5.28E-07;8.06502032
439;2.69E-06;5.28E-07;8.06561288
440;5.41E-06;5.14E-07;8.066208
441;7.62E-06;4.99E-07;8.06680568
442;9.32E-06;4.88E-07;8.06740592
443;1.05E-05;4.79E-07;8.06800872
444;1.12E-05;4.73E-07;8.06861408
445;1.14E-05;4.70E-07;8.069222
446;1.11E-05;4.70E-07;8.06983248
447;1.02E-05;4.73E-07;8.07044552
448;8.87E-06;4.78E-07;8.07106112
449;7.01E-06;4.86E-07;8.07167928
450;4.64E-06;4.97E-07;8.0723
451;1.48E-07;5.11E-07;8.07292328
452;1.48E-07;5.35E-07;8.07354912
453;1.48E-07;5.35E-07;8.07417752
454;1.48E-07;5.35E-07;8.07480848
455;1.48E-07;5.35E-07;8.075442
456;1.49E-07;5.35E-07;8.07607808
457;1.49E-07;5.35E-07;8.07671672
458;1.49E-07;5.35E-07;8.07735792
459;1.49E-07;5.35E-07;8.07800168
460;1.49E-07;5.35E-07;8.078648
461;1.49E-07;5.35E-07;8.07929688
462;1.49E-07;5.35E-07;8.07994832
463;2.74E-06;5.35E-07;8.08060232
464;5.49E-06;5.21E-07;8.08125888
465;7.73E-06;5.06E-07;8.081918
466;9.46E-06;4.94E-07;8.08257968
467;1.07E-05;4.86E-07;8.08324392
468;1.14E-05;4.80E-07;8.08391072
469;1.16E-05;4.77E-07;8.08458008
470;1.12E-05;4.77E-07;8.085252
471;1.04E-05;4.79E-07;8.08592648
472;9.01E-06;4.85E-07;8.08660352
473;7.12E-06;4.93E-07;8.08728312
474;4.71E-06;5.04E-07;8.08796528
475;1.50E-07;5.18E-07;8.08865
476;1.50E-07;5.43E-07;8.08933728
477;1.51E-07;5.42E-07;8.09002712
478;1.51E-07;5.42E-07;8.09071952
479;1.51E-07;5.42E-07;8.09141448
480;1.51E-07;5.42E-07;8.092112
481;1.51E-07;5.42E-07;8.09281208
482;1.51E-07;5.42E-07;8.09351472
483;1.51E-07;5.42E-07;8.09421992
484;1.51E-07;5.42E-07;8.09492768
485;1.51E-07;5.42E-07;8.095638
486;1.51E-07;5.42E-07;8.09635088
487;2.78E-06;5.42E-07;8.09706632
488;5.57E-06;5.28E-07;8.09778432
489;7.85E-06;5.13E-07;8.09850488
490;9.60E-06;5.01E-07;8.099228
491;1.08E-05;4.92E-07;8.09995368
492;1.15E-05;4.86E-07;8.10068192
493;1.17E-05;4.83E-07;8.10141272
494;1.14E-05;4.83E-07;8.10214608
495;1.05E-05;4.86E-07;8.102882
496;9.14E-06;4.91E-07;8.10362048
497;7.23E-06;5.00E-07;8.10436152
498;4.78E-06;5.11E-07;8.10510512
499;1.53E-07;5.25E-07;8.10585128
500;1.53E-07;5.50E-07;8.1066
501;1.53E-07;5.50E-07;8.10735128
502;1.53E-07;5.50E-07;8.10810512
503;1.53E-07;5.50E-07;8.10886152
504;1.53E-07;5.50E-07;8.10962048
505;1.53E-07;5.50E-07;8.110382
506;1.53E-07;5.50E-07;8.11114608
507;1.53E-07;5.50E-07;8.11191272
508;1.53E-07;5.50E-07;8.11268192
509;1.54E-07;5.50E-07;8.11345368
510;1.54E-07;5.50E-07;8.114228
511;2.82E-06;5.50E-07;8.11500488
512;5.65E-06;5.35E-07;8.11578432
513;7.96E-06;5.20E-07;8.11656632
514;9.74E-06;5.08E-07;8.11735088
515;1.10E-05;4.99E-07;8.118138
516;1.17E-05;4.93E-07;8.11892768
517;1.19E-05;4.90E-07;8.11971992
518;1.16E-05;4.90E-07;8.12051472
519;1.07E-05;4.92E-07;8.12131208
520;9.28E-06;4.98E-07;8.122112
521;7.33E-06;5.07E-07;8.12291448
522;4.85E-06;5.18E-07;8.12371952
523;1.55E-07;5.32E-07;8.12452712
524;1.55E-07;5.57E-07;8.12533728
525;1.55E-07;5.57E-07;8.12615
526;1.55E-07;5.57E-07;8.12696528
527;1.55E-07;5.57E-07;8.12778312
528;1.55E-07;5.57E-07;8.12860352
529;1.55E-07;5.57E-07;8.12942648
530;1.56E-07;5.57E-07;8.130252
531;1.56E-07;5.57E-07;8.13108008
532;1.56E-07;5.57E-07;8.13191072
533;1.56E-07;5.57E-07;8.13274392
534;1.56E-07;5.57E-07;8.13357968
535;2.86E-06;5.57E-07;8.134418
536;5.74E-06;5.42E-07;8.13525888
537;8.08E-06;5.27E-07;8.13610232
538;9.89E-06;5.15E-07;8.13694832
539;1.12E-05;5.06E-07;8.13779688
540;1.19E-05;5.00E-07;8.138648
541;1.21E-05;4.96E-07;8.13950168
542;1.17E-05;4.96E-07;8.14035792
543;1.08E-05;4.99E-07;8.14121672
544;9.42E-06;5.05E-07;8.14207808
545;7.44E-06;5.13E-07;8.142942
546;4.93E-06;5.25E-07;8.14380848
547;1.57E-07;5.39E-07;8.14467752
548;1.57E-07;5.65E-07;8.14554912
549;1.57E-07;5.65E-07;8.14642328
550;1.58E-07;5.65E-07;8.1473
551;1.58E-07;5.65E-07;8.14817928
552;1.58E-07;5.65E-07;8.14906112
553;1.58E-07;5.65E-07;8.14994552
554;1.58E-07;5.65E-07;8.15083248
555;1.58E-07;5.65E-07;8.151722
556;1.58E-07;5.65E-07;8.15261408
557;1.58E-07;5.65E-07;8.15350872
558;1.58E-07;5.65E-07;8.15440592
559;2.90E-06;5.65E-07;8.15530568
560;5.83E-06;5.50E-07;8.156208
561;8.21E-06;5.34E-07;8.15711288
562;1.00E-05;5.22E-07;8.15802032
563;1.13E-05;5.12E-07;8.15893032
564;1.21E-05;5.06E-07;8.15984288
565;1.23E-05;5.03E-07;8.160758
566;1.19E-05;5.03E-07;8.16167568
567;1.10E-05;5.06E-07;8.16259592
568;9.56E-06;5.12E-07;8.16351872
569;7.56E-06;5.20E-07;8.16444408
570;5.00E-06;5.32E-07;8.165372
571;1.60E-07;5.46E-07;8.16630248
572;1.60E-07;5.73E-07;8.16723552
573;1.60E-07;5.73E-07;8.16817112
574;1.60E-07;5.73E-07;8.16910928
575;1.60E-07;5.73E-07;8.17005
576;1.60E-07;5.73E-07;8.17099328
577;1.60E-07;5.73E-07;8.17193912
578;1.60E-07;5.72E-07;8.17288752
579;1.60E-07;5.72E-07;8.17383848
580;1.60E-07;5.72E-07;8.174792
581;1.61E-07;5.72E-07;8.17574808
582;1.61E-07;5.72E-07;8.17670672
583;2.95E-06;5.72E-07;8.17766792
584;5.91E-06;5.57E-07;8.17863168
585;8.33E-06;5.41E-07;8.179598
586;1.02E-05;5.29E-07;8.18056688
587;1.15E-05;5.19E-07;8.18153832
588;1.23E-05;5.13E-07;8.18251232
589;1.25E-05;5.10E-07;8.18348888
590;1.21E-05;5.10E-07;8.184468
591;1.12E-05;5.13E-07;8.18544968
592;9.70E-06;5.18E-07;8.18643392
593;7.67E-06;5.27E-07;8.18742072
594;5.07E-06;5.39E-07;8.18841008
595;1.62E-07;5.54E-07;8.189402
596;1.62E-07;5.80E-07;8.19039648
597;1.62E-07;5.80E-07;8.19139352
598;1.62E-07;5.80E-07;8.19239312
599;1.62E-07;5.80E-07;8.19339528
600;1.62E-07;5.80E-07;8.1944
601;1.63E-07;5.80E-07;8.19540728
602;1.63E-07;5.80E-07;8.19641712
603;1.63E-07;5.80E-07;8.19742952
604;1.63E-07;5.80E-07;8.19844448
605;1.63E-07;5.80E-07;8.199462
606;1.63E-07;5.80E-07;8.20048208
607;2.99E-06;5.80E-07;8.20150472
608;6.00E-06;5.65E-07;8.20252992
609;8.45E-06;5.49E-07;8.20355768
610;1.03E-05;5.36E-07;8.204588
611;1.17E-05;5.26E-07;8.20562088
612;1.24E-05;5.20E-07;8.20665632
613;1.26E-05;5.17E-07;8.20769432
614;1.23E-05;5.16E-07;8.20873488
615;1.13E-05;5.19E-07;8.209778
616;9.85E-06;5.25E-07;8.21082368
617;7.78E-06;5.34E-07;8.21187192
618;5.15E-06;5.46E-07;8.21292272
619;1.64E-07;5.61E-07;8.21397608
620;1.65E-07;5.88E-07;8.215032
621;1.65E-07;5.88E-07;8.21609048
622;1.65E-07;5.88E-07;8.21715152
623;1.65E-07;5.88E-07;8.21821512
624;1.65E-07;5.88E-07;8.21928128
625;1.65E-07;5.88E-07;8.22035
626;1.65E-07;5.88E-07;8.22142128
627;1.65E-07;5.88E-07;8.22249512
628;1.65E-07;5.88E-07;8.22357152
629;1.65E-07;5.88E-07;8.22465048
630;1.66E-07;5.88E-07;8.225732
631;3.04E-06;5.88E-07;8.22681608
632;6.09E-06;5.72E-07;8.22790272
633;8.58E-06;5.56E-07;8.22899192
634;1.05E-05;5.43E-07;8.23008368
635;1.18E-05;5.33E-07;8.231178
636;1.26E-05;5.27E-07;8.23227488
637;1.28E-05;5.23E-07;8.23337432
638;1.25E-05;5.23E-07;8.23447632
639;1.15E-05;5.26E-07;8.23558088
640;1.00E-05;5.32E-07;8.236688
641;7.90E-06;5.41E-07;8.23779768
642;5.23E-06;5.53E-07;8.23890992
643;1.67E-07;5.68E-07;8.24002472
644;1.67E-07;5.96E-07;8.24114208
645;1.67E-07;5.96E-07;8.242262
646;1.67E-07;5.96E-07;8.24338448
647;1.67E-07;5.96E-07;8.24450952
648;1.67E-07;5.96E-07;8.24563712
649;1.68E-07;5.96E-07;8.24676728
650;1.68E-07;5.96E-07;8.2479
651;1.68E-07;5.96E-07;8.24903528
652;1.68E-07;5.96E-07;8.25017312
653;1.68E-07;5.96E-07;8.25131352
654;1.68E-07;5.96E-07;8.25245648
655;3.08E-06;5.96E-07;8.253602
656;6.18E-06;5.80E-07;8.25475008
657;8.71E-06;5.63E-07;8.25590072
658;1.07E-05;5.50E-07;8.25705392
659;1.20E-05;5.40E-07;8.25820968
660;1.28E-05;5.34E-07;8.259368
661;1.30E-05;5.30E-07;8.26052888
662;1.26E-05;5.30E-07;8.26169232
663;1.17E-05;5.33E-07;8.26285832
664;1.01E-05;5.39E-07;8.26402688
665;8.02E-06;5.48E-07;8.265198
666;5.31E-06;5.61E-07;8.26637168
667;1.69E-07;5.76E-07;8.26754792
668;1.70E-07;6.04E-07;8.26872672
669;1.70E-07;6.04E-07;8.26990808
670;1.70E-07;6.04E-07;8.271092
671;1.70E-07;6.04E-07;8.27227848
672;1.70E-07;6.04E-07;8.27346752
673;1.70E-07;6.04E-07;8.27465912
674;1.70E-07;6.04E-07;8.27585328
675;1.70E-07;6.04E-07;8.27705
676;1.70E-07;6.04E-07;8.27824928
677;1.70E-07;6.04E-07;8.27945112
678;1.71E-07;6.04E-07;8.28065552
679;3.13E-06;6.04E-07;8.28186248
680;6.28E-06;5.88E-07;8.283072
681;8.84E-06;5.71E-07;8.28428408
682;1.08E-05;5.57E-07;8.28549872
683;1.22E-05;5.47E-07;8.28671592
684;1.30E-05;5.41E-07;8.28793568
685;1.32E-05;5.37E-07;8.289158
686;1.28E-05;5.37E-07;8.29038288
687;1.19E-05;5.40E-07;8.29161032
688;1.03E-05;5.46E-07;8.29284032
689;8.14E-06;5.56E-07;8.29407288
690;5.39E-06;5.68E-07;8.295308
691;1.72E-07;5.84E-07;8.29654568
692;1.72E-07;6.12E-07;8.29778592
693;1.72E-07;6.12E-07;8.29902872
694;1.72E-07;6.12E-07;8.30027408
695;1.72E-07;6.12E-07;8.301522
696;1.72E-07;6.12E-07;8.30277248
697;1.73E-07;6.12E-07;8.30402552
698;1.73E-07;6.12E-07;8.30528112
699;1.73E-07;6.12E-07;8.30653928
700;1.73E-07;6.12E-07;8.3078
701;1.73E-07;6.12E-07;8.30906328
702;1.73E-07;6.12E-07;8.31032912
703;3.18E-06;6.12E-07;8.31159752
704;6.37E-06;5.95E-07;8.31286848
705;8.97E-06;5.78E-07;8.314142
706;1.10E-05;5.65E-07;8.31541808
707;1.24E-05;5.54E-07;8.31669672
708;1.32E-05;5.48E-07;8.31797792
709;1.34E-05;5.44E-07;8.31926168
710;1.30E-05;5.44E-07;8.320548
711;1.20E-05;5.47E-07;8.32183688
712;1.05E-05;5.53E-07;8.32312832
713;8.26E-06;5.63E-07;8.32442232
714;5.47E-06;5.76E-07;8.32571888
715;1.75E-07;5.91E-07;8.327018
716;1.75E-07;6.20E-07;8.32831968
717;1.75E-07;6.20E-07;8.32962392
718;1.75E-07;6.20E-07;8.33093072
719;1.75E-07;6.20E-07;8.33224008
720;1.75E-07;6.20E-07;8.333552
721;1.75E-07;6.20E-07;8.33486648
722;1.75E-07;6.20E-07;8.33618352
723;1.75E-07;6.20E-07;8.33750312
724;1.76E-07;6.20E-07;8.33882528
725;1.76E-07;6.20E-07;8.34015
726;1.76E-07;6.20E-07;8.34147728
727;3.22E-06;6.20E-07;8.34280712
728;6.47E-06;6.03E-07;8.34413952
729;9.11E-06;5.86E-07;8.34547448
730;1.11E-05;5.72E-07;8.346812
731;1.26E-05;5.62E-07;8.34815208
732;1.34E-05;5.55E-07;8.34949472
733;1.36E-05;5.51E-07;8.35083992
734;1.32E-05;5.51E-07;8.35218768
735;1.22E-05;5.54E-07;8.353538
736;1.06E-05;5.61E-07;8.35489088
737;8.39E-06;5.70E-07;8.35624632
738;5.55E-06;5.83E-07;8.35760432
739;1.77E-07;5.99E-07;8.35896488
740;1.77E-07;6.28E-07;8.360328
741;1.77E-07;6.28E-07;8.36169368
742;1.77E-07;6.28E-07;8.36306192
743;1.78E-07;6.28E-07;8.36443272
744;1.78E-07;6.28E-07;8.36580608
745;1.78E-07;6.28E-07;8.367182
746;1.78E-07;6.28E-07;8.36856048
747;1.78E-07;6.28E-07;8.36994152
748;1.78E-07;6.28E-07;8.37132512
749;1.78E-07;6.28E-07;8.37271128
750;1.78E-07;6.28E-07;8.3741
751;3.27E-06;6.28E-07;8.37549128
752;6.57E-06;6.11E-07;8.37688512
753;9.25E-06;5.93E-07;8.37828152
754;1.13E-05;5.79E-07;8.37968048
755;1.28E-05;5.69E-07;8.381082
756;1.36E-05;5.62E-07;8.38248608
757;1.38E-05;5.58E-07;8.38389272
758;1.34E-05;5.58E-07;8.38530192
759;1.24E-05;5.61E-07;8.38671368
760;1.08E-05;5.68E-07;8.388128
761;8.51E-06;5.78E-07;8.38954488
762;5.63E-06;5.91E-07;8.39096432
763;1.80E-07;6.07E-07;8.39238632
764;1.80E-07;6.37E-07;8.39381088
765;1.80E-07;6.37E-07;8.395238
766;1.80E-07;6.37E-07;8.39666768
767;1.80E-07;6.37E-07;8.39809992
768;1.80E-07;6.36E-07;8.39953472
769;1.81E-07;6.36E-07;8.40097208
770;1.81E-07;6.36E-07;8.402412
771;1.81E-07;6.36E-07;8.40385448
772;1.81E-07;6.36E-07;8.40529952
773;1.81E-07;6.36E-07;8.40674712
774;1.81E-07;6.36E-07;8.40819728
775;3.32E-06;6.36E-07;8.40965
776;6.66E-06;6.19E-07;8.41110528
777;9.39E-06;6.01E-07;8.41256312
778;1.15E-05;5.87E-07;8.41402352
779;1.30E-05;5.76E-07;8.41548648
780;1.38E-05;5.69E-07;8.416952
781;1.40E-05;5.65E-07;8.41842008
782;1.36E-05;5.65E-07;8.41989072
783;1.26E-05;5.69E-07;8.42136392
784;1.09E-05;5.75E-07;8.42283968
785;8.64E-06;5.85E-07;8.424318
786;5.72E-06;5.98E-07;8.42579888
787;1.83E-07;6.15E-07;8.42728232
788;1.83E-07;6.45E-07;8.42876832
789;1.83E-07;6.45E-07;8.43025688
790;1.83E-07;6.45E-07;8.431748
791;1.83E-07;6.45E-07;8.43324168
792;1.83E-07;6.45E-07;8.43473792
793;1.83E-07;6.45E-07;8.43623672
794;1.83E-07;6.45E-07;8.43773808
795;1.83E-07;6.45E-07;8.439242
796;1.84E-07;6.44E-07;8.44074848
797;1.84E-07;6.44E-07;8.44225752
798;1.84E-07;6.44E-07;8.44376912
799;3.37E-06;6.44E-07;8.44528328
800;6.76E-06;6.27E-07;8.4468
801;9.53E-06;6.09E-07;8.44831928
802;1.17E-05;5.94E-07;8.44984112
803;1.32E-05;5.84E-07;8.45136552
804;1.40E-05;5.76E-07;8.45289248
805;1.42E-05;5.73E-07;8.454422
806;1.38E-05;5.72E-07;8.45595408
807;1.28E-05;5.76E-07;8.45748872
808;1.11E-05;5.82E-07;8.45902592
809;8.77E-06;5.93E-07;8.46056568
810;5.80E-06;6.06E-07;8.462108
811;1.85E-07;6.23E-07;8.46365288
812;1.85E-07;6.53E-07;8.46520032
813;1.86E-07;6.53E-07;8.46675032
814;1.86E-07;6.53E-07;8.46830288
815;1.86E-07;6.53E-07;8.469858
816;1.86E-07;6.53E-07;8.47141568
817;1.86E-07;6.53E-07;8.47297592
818;1.86E-07;6.53E-07;8.47453872
819;1.86E-07;6.53E-07;8.47610408
820;1.86E-07;6.53E-07;8.477672
821;1.86E-07;6.53E-07;8.47924248
822;1.87E-07;6.53E-07;8.48081552
823;3.42E-06;6.53E-07;8.48239112
824;6.87E-06;6.35E-07;8.48396928
825;9.67E-06;6.17E-07;8.48555
826;1.18E-05;6.02E-07;8.48713328
827;1.34E-05;5.91E-07;8.48871912
828;1.42E-05;5.84E-07;8.49030752
829;1.45E-05;5.80E-07;8.49189848
830;1.40E-05;5.80E-07;8.493492
831;1.30E-05;5.83E-07;8.49508808
832;1.13E-05;5.90E-07;8.49668672
833;8.90E-06;6.00E-07;8.49828792
834;5.89E-06;6.14E-07;8.49989168
835;1.88E-07;6.31E-07;8.501498
836;1.88E-07;6.62E-07;8.50310688
837;1.88E-07;6.62E-07;8.50471832
838;1.88E-07;6.62E-07;8.50633232
839;1.89E-07;6.62E-07;8.50794888
840;1.89E-07;6.62E-07;8.509568
841;1.89E-07;6.61E-07;8.51118968
842;1.89E-07;6.61E-07;8.51281392
843;1.89E-07;6.61E-07;8.51444072
844;1.89E-07;6.61E-07;8.51607008
845;1.89E-07;6.61E-07;8.517702
846;1.89E-07;6.61E-07;8.51933648
847;3.47E-06;6.61E-07;8.52097352
848;6.97E-06;6.43E-07;8.52261312
849;9.81E-06;6.25E-07;8.52425528
850;1.20E-05;6.10E-07;8.5259
851;1.36E-05;5.98E-07;8.52754728
852;1.44E-05;5.91E-07;8.52919712
853;1.47E-05;5.87E-07;8.53084952
854;1.43E-05;5.87E-07;8.53250448
855;1.32E-05;5.90E-07;8.534162
856;1.14E-05;5.97E-07;8.53582208
857;9.04E-06;6.08E-07;8.53748472
858;5.98E-06;6.21E-07;8.53914992
859;1.91E-07;6.39E-07;8.54081768
860;1.91E-07;6.70E-07;8.542488
861;1.91E-07;6.70E-07;8.54416088
862;1.91E-07;6.70E-07;8.54583632
863;1.91E-07;6.70E-07;8.54751432
864;1.91E-07;6.70E-07;8.54919488
865;1.92E-07;6.70E-07;8.550878
866;1.92E-07;6.70E-07;8.55256368
867;1.92E-07;6.70E-07;8.55425192
868;1.92E-07;6.70E-07;8.55594272
869;1.92E-07;6.70E-07;8.55763608
870;1.92E-07;6.70E-07;8.559332
871;3.53E-06;6.70E-07;8.56103048
872;7.07E-06;6.51E-07;8.56273152
873;9.96E-06;6.32E-07;8.56443512
874;1.22E-05;6.17E-07;8.56614128
875;1.38E-05;6.06E-07;8.56785
876;1.47E-05;5.98E-07;8.56956128
877;1.49E-05;5.95E-07;8.57127512
878;1.45E-05;5.94E-07;8.57299152
879;1.34E-05;5.98E-07;8.57471048
880;1.16E-05;6.05E-07;8.576432
881;9.17E-06;6.15E-07;8.57815608
882;6.07E-06;6.29E-07;8.57988272
883;1.94E-07;6.47E-07;8.58161192
884;1.94E-07;6.79E-07;8.58334368
885;1.94E-07;6.79E-07;8.585078
886;1.94E-07;6.79E-07;8.58681488
887;1.94E-07;6.79E-07;8.58855432
888;1.94E-07;6.79E-07;8.59029632
889;1.94E-07;6.79E-07;8.59204088
890;1.95E-07;6.78E-07;8.593788
891;1.95E-07;6.78E-07;8.59553768
892;1.95E-07;6.78E-07;8.59728992
893;1.95E-07;6.78E-07;8.59904472
894;1.95E-07;6.78E-07;8.60080208
895;3.58E-06;6.78E-07;8.602562
896;7.18E-06;6.60E-07;8.60432448
897;1.01E-05;6.40E-07;8.60608952
898;1.24E-05;6.25E-07;8.60785712
899;1.40E-05;6.14E-07;8.60962728
900;1.49E-05;6.06E-07;8.6114
901;1.51E-05;6.02E-07;8.61317528
902;1.47E-05;6.02E-07;8.61495312
903;1.36E-05;6.05E-07;8.61673352
904;1.18E-05;6.12E-07;8.61851648
905;9.31E-06;6.23E-07;8.620302
906;6.16E-06;6.37E-07;8.62209008
907;1.97E-07;6.55E-07;8.62388072
908;1.97E-07;6.88E-07;8.62567392
909;1.97E-07;6.87E-07;8.62746968
910;1.97E-07;6.87E-07;8.629268
911;1.97E-07;6.87E-07;8.63106888
912;1.97E-07;6.87E-07;8.63287232
913;1.97E-07;6.87E-07;8.63467832
914;1.98E-07;6.87E-07;8.63648688
915;1.98E-07;6.87E-07;8.638298
916;1.98E-07;6.87E-07;8.64011168
917;1.98E-07;6.87E-07;8.64192792
918;1.98E-07;6.87E-07;8.64374672
919;3.63E-06;6.87E-07;8.64556808
920;7.29E-06;6.68E-07;8.647392
921;1.03E-05;6.48E-07;8.64921848
922;1.26E-05;6.33E-07;8.65104752
923;1.42E-05;6.21E-07;8.65287912
924;1.51E-05;6.13E-07;8.65471328
925;1.53E-05;6.09E-07;8.65655
926;1.49E-05;6.09E-07;8.65838928
927;1.38E-05;6.13E-07;8.66023112
928;1.20E-05;6.20E-07;8.66207552
929;9.45E-06;6.31E-07;8.66392248
930;6.25E-06;6.45E-07;8.665772
931;2.00E-07;6.63E-07;8.66762408
932;2.00E-07;6.96E-07;8.66947872
933;2.00E-07;6.96E-07;8.67133592
934;2.00E-07;6.96E-07;8.67319568
935;2.00E-07;6.96E-07;8.675058
936;2.00E-07;6.96E-07;8.67692288
937;2.00E-07;6.96E-07;8.67879032
938;2.01E-07;6.96E-07;8.68066032
939;2.01E-07;6.96E-07;8.68253288
940;2.01E-07;6.96E-07;8.684408
941;2.01E-07;6.95E-07;8.68628568
942;2.01E-07;6.95E-07;8.68816592
943;3.69E-06;6.95E-07;8.69004872
944;7.40E-06;6.76E-07;8.69193408
945;1.04E-05;6.56E-07;8.693822
946;1.27E-05;6.41E-07;8.69571248
947;1.44E-05;6.29E-07;8.69760552
948;1.53E-05;6.21E-07;8.69950112
949;1.56E-05;6.17E-07;8.70139928
950;1.51E-05;6.17E-07;8.7033
951;1.40E-05;6.20E-07;8.70520328
952;1.21E-05;6.28E-07;8.70710912
953;9.59E-06;6.39E-07;8.70901752
954;6.35E-06;6.53E-07;8.71092848
955;2.03E-07;6.71E-07;8.712842
956;2.03E-07;7.05E-07;8.71475808
957;2.03E-07;7.05E-07;8.71667672
958;2.03E-07;7.05E-07;8.71859792
959;2.03E-07;7.05E-07;8.72052168
960;2.03E-07;7.05E-07;8.722448
961;2.03E-07;7.05E-07;8.72437688
962;2.04E-07;7.04E-07;8.72630832
963;2.04E-07;7.04E-07;8.72824232
964;2.04E-07;7.04E-07;8.73017888
965;2.04E-07;7.04E-07;8.732118
966;2.04E-07;7.04E-07;8.73405968
967;3.74E-06;7.04E-07;8.73600392
968;7.51E-06;6.85E-07;8.73795072
969;1.06E-05;6.65E-07;8.73990008
970;1.29E-05;6.48E-07;8.741852
971;1.46E-05;6.36E-07;8.74380648
972;1.56E-05;6.28E-07;8.74576352
973;1.58E-05;6.24E-07;8.74772312
974;1.54E-05;6.24E-07;8.74968528
975;1.42E-05;6.28E-07;8.75165
976;1.23E-05;6.35E-07;8.75361728
977;9.74E-06;6.46E-07;8.75558712
978;6.44E-06;6.61E-07;8.75755952
979;2.06E-07;6.80E-07;8.75953448
980;2.06E-07;7.14E-07;8.761512
981;2.06E-07;7.14E-07;8.76349208
982;2.06E-07;7.14E-07;8.76547472
983;2.06E-07;7.13E-07;8.76745992
984;2.06E-07;7.13E-07;8.76944768
985;2.06E-07;7.13E-07;8.771438
986;2.07E-07;7.13E-07;8.77343088
987;2.07E-07;7.13E-07;8.77542632
988;2.07E-07;7.13E-07;8.77742432
989;2.07E-07;7.13E-07;8.77942488
990;2.07E-07;7.13E-07;8.781428
991;3.80E-06;7.13E-07;8.78343368
992;7.62E-06;6.93E-07;8.78544192
993;1.07E-05;6.73E-07;8.78745272
994;1.31E-05;6.56E-07;8.78946608
995;1.48E-05;6.44E-07;8.791482
996;1.58E-05;6.36E-07;8.79350048
997;1.60E-05;6.32E-07;8.79552152
998;1.56E-05;6.32E-07;8.79754512
999;1.44E-05;6.35E-07;8.79957128
1000;1.25E-05;6.43E-07;8.8016
1001;9.88E-06;6.54E-07;8.80363128
1002;6.54E-06;6.69E-07;8.80566512
1003;2.09E-07;6.88E-07;8.80770152
1004;2.09E-07;7.23E-07;8.80974048
1005;2.09E-07;7.22E-07;8.811782
1006;2.09E-07;7.22E-07;8.81382608
1007;2.09E-07;7.22E-07;8.81587272
1008;2.09E-07;7.22E-07;8.81792192
1009;2.10E-07;7.22E-07;8.81997368
1010;2.10E-07;7.22E-07;8.822028
1011;2.10E-07;7.22E-07;8.82408488
1012;2.10E-07;7.22E-07;8.82614432
1013;2.10E-07;7.22E-07;8.82820632
1014;2.10E-07;7.22E-07;8.83027088
1015;3.86E-06;7.21E-07;8.832338
1016;7.74E-06;7.02E-07;8.83440768
1017;1.09E-05;6.81E-07;8.83647992
1018;1.33E-05;6.64E-07;8.83855472
1019;1.50E-05;6.52E-07;8.84063208
1020;1.60E-05;6.44E-07;8.842712
1021;1.63E-05;6.39E-07;8.84479448
1022;1.58E-05;6.39E-07;8.84687952
1023;1.46E-05;6.43E-07;8.84896712
1024;1.27E-05;6.51E-07;8.85105728
1025;1.00E-05;6.62E-07;8.85315
1026;6.64E-06;6.77E-07;8.85524528
1027;2.12E-07;6.96E-07;8.85734312
1028;2.12E-07;7.31E-07;8.85944352
1029;2.12E-07;7.31E-07;8.86154648
1030;2.12E-07;7.31E-07;8.863652
1031;2.12E-07;7.31E-07;8.86576008
1032;2.13E-07;7.31E-07;8.86787072
1033;2.13E-07;7.31E-07;8.86998392
1034;2.13E-07;7.31E-07;8.87209968
1035;2.13E-07;7.31E-07;8.874218
1036;2.13E-07;7.31E-07;8.87633888
1037;2.13E-07;7.31E-07;8.87846232
1038;2.13E-07;7.30E-07;8.88058832
1039;3.91E-06;7.30E-07;8.88271688
1040;7.85E-06;7.10E-07;8.884848
1041;1.11E-05;6.89E-07;8.88698168
1042;1.35E-05;6.72E-07;8.88911792
1043;1.53E-05;6.60E-07;8.89125672
1044;1.63E-05;6.51E-07;8.89339808
1045;1.65E-05;6.47E-07;8.895542
1046;1.61E-05;6.47E-07;8.89768848
1047;1.48E-05;6.50E-07;8.89983752
1048;1.29E-05;6.58E-07;8.90198912
1049;1.02E-05;6.70E-07;8.90414328
1050;6.74E-06;6.85E-07;8.9063
1051;2.15E-07;7.05E-07;8.90845928
1052;2.15E-07;7.40E-07;8.91062112
1053;2.15E-07;7.40E-07;8.91278552
1054;2.16E-07;7.40E-07;8.91495248
1055;2.16E-07;7.40E-07;8.917122
1056;2.16E-07;7.40E-07;8.91929408
1057;2.16E-07;7.40E-07;8.92146872
1058;2.16E-07;7.40E-07;8.92364592
1059;2.16E-07;7.40E-07;8.92582568
1060;2.16E-07;7.39E-07;8.928008
1061;2.16E-07;7.39E-07;8.93019288
1062;2.17E-07;7.39E-07;8.93238032
1063;3.97E-06;7.39E-07;8.93457032
1064;7.97E-06;7.19E-07;8.93676288
1065;1.12E-05;6.97E-07;8.938958
1066;1.37E-05;6.80E-07;8.94115568
1067;1.55E-05;6.67E-07;8.94335592
1068;1.65E-05;6.59E-07;8.94555872
1069;1.68E-05;6.55E-07;8.94776408
1070;1.63E-05;6.54E-07;8.949972
1071;1.51E-05;6.58E-07;8.95218248
1072;1.31E-05;6.66E-07;8.95439552
1073;1.03E-05;6.78E-07;8.95661112
1074;6.84E-06;6.94E-07;8.95882928
1075;2.18E-07;7.13E-07;8.96105
1076;2.18E-07;7.49E-07;8.96327328
1077;2.19E-07;7.49E-07;8.96549912
1078;2.19E-07;7.49E-07;8.96772752
1079;2.19E-07;7.49E-07;8.96995848
1080;2.19E-07;7.49E-07;8.972192
1081;2.19E-07;7.49E-07;8.97442808
1082;2.19E-07;7.49E-07;8.97666672
1083;2.19E-07;7.49E-07;8.97890792
1084;2.20E-07;7.48E-07;8.98115168
1085;2.20E-07;7.48E-07;8.983398
1086;2.20E-07;7.48E-07;8.98564688
1087;4.03E-06;7.48E-07;8.98789832
1088;8.09E-06;7.27E-07;8.99015232
1089;1.14E-05;7.06E-07;8.99240888
1090;1.39E-05;6.88E-07;8.994668
1091;1.57E-05;6.75E-07;8.99692968
1092;1.68E-05;6.67E-07;8.99919392
1093;1.70E-05;6.62E-07;9.00146072
1094;1.65E-05;6.62E-07;9.00373008
1095;1.53E-05;6.66E-07;9.006002
1096;1.33E-05;6.74E-07;9.00827648
1097;1.05E-05;6.86E-07;9.01055352
1098;6.94E-06;7.02E-07;9.01283312
1099;2.22E-07;7.22E-07;9.01511528
1100;2.22E-07;7.58E-07;9.0174
1101;2.22E-07;7.58E-07;9.01968728
1102;2.22E-07;7.58E-07;9.02197712
1103;2.22E-07;7.58E-07;9.02426952
1104;2.22E-07;7.58E-07;9.02656448
1105;2.22E-07;7.58E-07;9.028862
1106;2.23E-07;7.58E-07;9.03116208
1107;2.23E-07;7.57E-07;9.03346472
1108;2.23E-07;7.57E-07;9.03576992
1109;2.23E-07;7.57E-07;9.03807768
1110;2.23E-07;7.57E-07;9.040388
1111;4.09E-06;7.57E-07;9.04270088
1112;8.21E-06;7.36E-07;9.04501632
1113;1.16E-05;7.14E-07;9.04733432
1114;1.42E-05;6.96E-07;9.04965488
1115;1.60E-05;6.83E-07;9.051978
1116;1.70E-05;6.74E-07;9.05430368
1117;1.73E-05;6.70E-07;9.05663192
1118;1.68E-05;6.69E-07;9.05896272
1119;1.55E-05;6.73E-07;9.06129608
1120;1.35E-05;6.82E-07;9.063632
1121;1.07E-05;6.94E-07;9.06597048
1122;7.05E-06;7.10E-07;9.06831152
1123;2.25E-07;7.30E-07;9.07065512
1124;2.25E-07;7.67E-07;9.07300128
1125;2.25E-07;7.67E-07;9.07535
1126;2.25E-07;7.67E-07;9.07770128
1127;2.26E-07;7.67E-07;9.08005512
1128;2.26E-07;7.67E-07;9.08241152
1129;2.26E-07;7.67E-07;9.08477048
1130;2.26E-07;7.67E-07;9.087132
1131;2.26E-07;7.66E-07;9.08949608
1132;2.26E-07;7.66E-07;9.09186272
1133;2.26E-07;7.66E-07;9.09423192
1134;2.26E-07;7.66E-07;9.09660368
1135;4.15E-06;7.66E-07;9.098978
1136;8.34E-06;7.45E-07;9.10135488
1137;1.17E-05;7.22E-07;9.10373432
1138;1.44E-05;7.04E-07;9.10611632
1139;1.62E-05;6.91E-07;9.10850088
1140;1.73E-05;6.82E-07;9.110888
1141;1.76E-05;6.77E-07;9.11327768
1142;1.70E-05;6.77E-07;9.11566992
1143;1.58E-05;6.81E-07;9.11806472
1144;1.37E-05;6.89E-07;9.12046208
1145;1.08E-05;7.02E-07;9.122862
1146;7.15E-06;7.18E-07;9.12526448
1147;2.28E-07;7.39E-07;9.12766952
1148;2.28E-07;7.76E-07;9.13007712
1149;2.29E-07;7.76E-07;9.13248728
1150;2.29E-07;7.76E-07;9.1349
1151;2.29E-07;7.76E-07;9.13731528
1152;2.29E-07;7.76E-07;9.13973312
1153;2.29E-07;7.76E-07;9.14215352
1154;2.29E-07;7.76E-07;9.14457648
1155;2.29E-07;7.75E-07;9.147002
1156;2.30E-07;7.75E-07;9.14943008
1157;2.30E-07;7.75E-07;9.15186072
1158;2.30E-07;7.75E-07;9.15429392
1159;4.22E-06;7.75E-07;9.15672968
1160;8.46E-06;7.53E-07;9.159168
1161;1.19E-05;7.30E-07;9.16160888
1162;1.46E-05;7.12E-07;9.16405232
1163;1.65E-05;6.99E-07;9.16649832
1164;1.75E-05;6.90E-07;9.16894688
1165;1.78E-05;6.85E-07;9.171398
1166;1.73E-05;6.85E-07;9.17385168
1167;1.60E-05;6.89E-07;9.17630792
1168;1.39E-05;6.97E-07;9.17876672
1169;1.10E-05;7.10E-07;9.18122808
1170;7.26E-06;7.26E-07;9.183692
1171;2.32E-07;7.47E-07;9.18615848
1172;2.32E-07;7.86E-07;9.18862752
1173;2.32E-07;7.85E-07;9.19109912
1174;2.32E-07;7.85E-07;9.19357328
1175;2.32E-07;7.85E-07;9.19605
1176;2.32E-07;7.85E-07;9.19852928
1177;2.33E-07;7.85E-07;9.20101112
1178;2.33E-07;7.85E-07;9.20349552
1179;2.33E-07;7.84E-07;9.20598248
1180;2.33E-07;7.84E-07;9.208472
1181;2.33E-07;7.84E-07;9.21096408
1182;2.33E-07;7.84E-07;9.21345872
1183;4.28E-06;7.84E-07;9.21595592
1184;8.59E-06;7.62E-07;9.21845568
1185;1.21E-05;7.39E-07;9.220958
1186;1.48E-05;7.20E-07;9.22346288
1187;1.67E-05;7.07E-07;9.22597032
1188;1.78E-05;6.97E-07;9.22848032
1189;1.81E-05;6.93E-07;9.23099288
1190;1.76E-05;6.92E-07;9.233508
1191;1.62E-05;6.96E-07;9.23602568
1192;1.41E-05;7.05E-07;9.23854592
1193;1.11E-05;7.18E-07;9.24106872
1194;7.37E-06;7.34E-07;9.24359408
1195;2.35E-07;7.56E-07;9.246122
1196;2.35E-07;7.95E-07;9.24865248
1197;2.36E-07;7.94E-07;9.25118552
1198;2.36E-07;7.94E-07;9.25372112
1199;2.36E-07;7.94E-07;9.25625928
1200;2.36E-07;7.94E-07;9.2588
1201;2.36E-07;7.94E-07;9.26134328
1202;2.36E-07;7.94E-07;9.26388912
1203;2.36E-07;7.94E-07;9.26643752
1204;2.37E-07;7.93E-07;9.26898848
1205;2.37E-07;7.93E-07;9.271542
1206;2.37E-07;7.93E-07;9.27409808
1207;4.34E-06;7.93E-07;9.27665672
1208;8.72E-06;7.71E-07;9.27921792
1209;1.23E-05;7.47E-07;9.28178168
1210;1.50E-05;7.28E-07;9.284348
1211;1.70E-05;7.14E-07;9.28691688
1212;1.81E-05;7.05E-07;9.28948832
1213;1.84E-05;7.00E-07;9.29206232
1214;1.78E-05;7.00E-07;9.29463888
1215;1.65E-05;7.04E-07;9.297218
1216;1.43E-05;7.13E-07;9.29979968
1217;1.13E-05;7.26E-07;9.30238392
1218;7.48E-06;7.43E-07;9.30497072
1219;2.39E-07;7.64E-07;9.30756008
1220;2.39E-07;8.04E-07;9.310152
1221;2.39E-07;8.04E-07;9.31274648
1222;2.39E-07;8.03E-07;9.31534352
1223;2.39E-07;8.03E-07;9.31794312
1224;2.40E-07;8.03E-07;9.32054528
1225;2.40E-07;8.03E-07;9.32315
1226;2.40E-07;8.03E-07;9.32575728
1227;2.40E-07;8.03E-07;9.32836712
1228;2.40E-07;8.02E-07;9.33097952
1229;2.40E-07;8.02E-07;9.33359448
1230;2.40E-07;8.02E-07;9.336212
1231;4.41E-06;8.02E-07;9.33883208
1232;8.85E-06;7.79E-07;9.34145472
1233;1.25E-05;7.55E-07;9.34407992
1234;1.52E-05;7.36E-07;9.34670768
1235;1.72E-05;7.22E-07;9.349338
1236;1.83E-05;7.13E-07;9.35197088
1237;1.86E-05;7.08E-07;9.35460632
1238;1.81E-05;7.07E-07;9.35724432
1239;1.67E-05;7.12E-07;9.35988488
1240;1.45E-05;7.20E-07;9.362528
1241;1.15E-05;7.33E-07;9.36517368
1242;7.59E-06;7.51E-07;9.36782192
1243;2.42E-07;7.73E-07;9.37047272
1244;2.43E-07;8.13E-07;9.37312608
1245;2.43E-07;8.13E-07;9.375782
1246;2.43E-07;8.12E-07;9.37844048
1247;2.43E-07;8.12E-07;9.38110152
1248;2.43E-07;8.12E-07;9.38376512
1249;2.43E-07;8.12E-07;9.38643128
1250;2.43E-07;8.12E-07;9.3891
1251;2.44E-07;8.12E-07;9.39177128
1252;2.44E-07;8.11E-07;9.39444512
1253;2.44E-07;8.11E-07;9.39712152
1254;2.44E-07;8.11E-07;9.39980048
1255;4.48E-06;8.11E-07;9.402482
1256;8.98E-06;7.88E-07;9.40516608
1257;1.26E-05;7.64E-07;9.40785272
1258;1.55E-05;7.44E-07;9.41054192
1259;1.75E-05;7.30E-07;9.41323368
1260;1.86E-05;7.20E-07;9.415928
1261;1.89E-05;7.15E-07;9.41862488
1262;1.84E-05;7.15E-07;9.42132432
1263;1.70E-05;7.19E-07;9.42402632
1264;1.47E-05;7.28E-07;9.42673088
1265;1.16E-05;7.41E-07;9.429438
1266;7.71E-06;7.59E-07;9.43214768
1267;2.46E-07;7.81E-07;9.43485992
1268;2.46E-07;8.22E-07;9.43757472
1269;2.46E-07;8.22E-07;9.44029208
1270;2.46E-07;8.22E-07;9.443012
1271;2.47E-07;8.21E-07;9.44573448
1272;2.47E-07;8.21E-07;9.44845952
1273;2.47E-07;8.21E-07;9.45118712
1274;2.47E-07;8.21E-07;9.45391728
1275;2.47E-07;8.21E-07;9.45665
1276;2.47E-07;8.20E-07;9.45938528
1277;2.48E-07;8.20E-07;9.46212312
1278;2.48E-07;8.20E-07;9.46486352
1279;4.54E-06;8.20E-07;9.46760648
1280;9.12E-06;7.96E-07;9.470352
1281;1.28E-05;7.72E-07;9.47310008
1282;1.57E-05;7.52E-07;9.47585072
1283;1.77E-05;7.38E-07;9.47860392
1284;1.89E-05;7.28E-07;9.48135968
1285;1.92E-05;7.23E-07;9.484118
1286;1.86E-05;7.22E-07;9.48687888
1287;1.72E-05;7.27E-07;9.48964232
1288;1.50E-05;7.36E-07;9.49240832
1289;1.18E-05;7.49E-07;9.49517688
1290;7.82E-06;7.67E-07;9.497948
1291;2.50E-07;7.90E-07;9.50072168
1292;2.50E-07;8.31E-07;9.50349792
1293;2.50E-07;8.31E-07;9.50627672
1294;2.50E-07;8.31E-07;9.50905808
1295;2.50E-07;8.30E-07;9.511842
1296;2.51E-07;8.30E-07;9.51462848
1297;2.51E-07;8.30E-07;9.51741752
1298;2.51E-07;8.30E-07;9.52020912
1299;2.51E-07;8.30E-07;9.52300328
1300;2.51E-07;8.29E-07;9.5258
1301;2.51E-07;8.29E-07;9.52859928
1302;2.51E-07;8.29E-07;9.53140112
1303;4.61E-06;8.29E-07;9.53420552
1304;9.25E-06;8.05E-07;9.53701248
1305;1.30E-05;7.80E-07;9.539822
1306;1.59E-05;7.60E-07;9.54263408
1307;1.80E-05;7.45E-07;9.54544872
1308;1.92E-05;7.35E-07;9.54826592
1309;1.95E-05;7.30E-07;9.55108568
1310;1.89E-05;7.30E-07;9.553908
1311;1.75E-05;7.34E-07;9.55673288
1312;1.52E-05;7.43E-07;9.55956032
1313;1.20E-05;7.57E-07;9.56239032
1314;7.94E-06;7.75E-07;9.56522288
1315;2.53E-07;7.98E-07;9.568058
1316;2.54E-07;8.40E-07;9.57089568
1317;2.54E-07;8.40E-07;9.57373592
1318;2.54E-07;8.40E-07;9.57657872
1319;2.54E-07;8.39E-07;9.57942408
1320;2.54E-07;8.39E-07;9.582272
1321;2.54E-07;8.39E-07;9.58512248
1322;2.55E-07;8.39E-07;9.58797552
1323;2.55E-07;8.39E-07;9.59083112
1324;2.55E-07;8.38E-07;9.59368928
1325;2.55E-07;8.38E-07;9.59655
1326;2.55E-07;8.38E-07;9.59941328
1327;4.68E-06;8.38E-07;9.60227912
1328;9.39E-06;8.14E-07;9.60514752
1329;1.32E-05;7.88E-07;9.60801848
1330;1.62E-05;7.68E-07;9.610892
1331;1.83E-05;7.53E-07;9.61376808
1332;1.95E-05;7.43E-07;9.61664672
1333;1.98E-05;7.38E-07;9.61952792
1334;1.92E-05;7.37E-07;9.62241168
1335;1.78E-05;7.42E-07;9.625298
1336;1.54E-05;7.51E-07;9.62818688
1337;1.22E-05;7.65E-07;9.63107832
1338;8.06E-06;7.83E-07;9.63397232
1339;2.57E-07;8.06E-07;9.63686888
1340;2.57E-07;8.49E-07;9.639768
1341;2.58E-07;8.49E-07;9.64266968
1342;2.58E-07;8.49E-07;9.64557392
1343;2.58E-07;8.48E-07;9.64848072
1344;2.58E-07;8.48E-07;9.65139008
1345;2.58E-07;8.48E-07;9.654302
1346;2.58E-07;8.48E-07;9.65721648
1347;2.59E-07;8.48E-07;9.66013352
1348;2.59E-07;8.47E-07;9.66305312
1349;2.59E-07;8.47E-07;9.66597528
1350;2.59E-07;8.47E-07;9.6689
1351;4.75E-06;8.47E-07;9.67182728
1352;9.53E-06;8.22E-07;9.67475712
1353;1.34E-05;7.97E-07;9.67768952
1354;1.64E-05;7.76E-07;9.68062448
1355;1.85E-05;7.61E-07;9.683562
1356;1.98E-05;7.50E-07;9.68650208
1357;2.01E-05;7.45E-07;9.68944472
1358;1.95E-05;7.45E-07;9.69238992
1359;1.80E-05;7.49E-07;9.69533768
1360;1.56E-05;7.59E-07;9.698288
1361;1.24E-05;7.73E-07;9.70124088
1362;8.18E-06;7.91E-07;9.70419632
1363;2.61E-07;8.15E-07;9.70715432
1364;2.61E-07;8.58E-07;9.71011488
1365;2.61E-07;8.58E-07;9.713078
1366;2.62E-07;8.58E-07;9.71604368
1367;2.62E-07;8.57E-07;9.71901192
1368;2.62E-07;8.57E-07;9.72198272
1369;2.62E-07;8.57E-07;9.72495608
1370;2.62E-07;8.57E-07;9.727932
1371;2.62E-07;8.57E-07;9.73091048
1372;2.63E-07;8.56E-07;9.73389152
1373;2.63E-07;8.56E-07;9.73687512
1374;2.63E-07;8.56E-07;9.73986128
1375;4.82E-06;8.56E-07;9.74285
1376;9.68E-06;8.31E-07;9.74584128
1377;1.36E-05;8.05E-07;9.74883512
1378;1.67E-05;7.84E-07;9.75183152
1379;1.88E-05;7.68E-07;9.75483048
1380;2.01E-05;7.58E-07;9.757832
1381;2.04E-05;7.52E-07;9.76083608
1382;1.98E-05;7.52E-07;9.76384272
1383;1.83E-05;7.57E-07;9.76685192
1384;1.59E-05;7.66E-07;9.76986368
1385;1.26E-05;7.80E-07;9.772878
1386;8.30E-06;7.99E-07;9.77589488
1387;2.65E-07;8.23E-07;9.77891432
1388;2.65E-07;8.67E-07;9.78193632
1389;2.65E-07;8.67E-07;9.78496088
1390;2.66E-07;8.67E-07;9.787988
1391;2.66E-07;8.66E-07;9.79101768
1392;2.66E-07;8.66E-07;9.79404992
1393;2.66E-07;8.66E-07;9.79708472
1394;2.66E-07;8.66E-07;9.80012208
1395;2.66E-07;8.65E-07;9.803162
1396;2.67E-07;8.65E-07;9.80620448
1397;2.67E-07;8.65E-07;9.80924952
1398;2.67E-07;8.65E-07;9.81229712
1399;4.90E-06;8.65E-07;9.81534728
1400;9.82E-06;8.39E-07;9.8184
1401;1.38E-05;8.13E-07;9.82145528
1402;1.69E-05;7.92E-07;9.82451312
1403;1.91E-05;7.76E-07;9.82757352
1404;2.04E-05;7.65E-07;9.83063648
1405;2.07E-05;7.60E-07;9.833702
1406;2.01E-05;7.59E-07;9.83677008
1407;1.86E-05;7.64E-07;9.83984072
1408;1.61E-05;7.74E-07;9.84291392
1409;1.27E-05;7.88E-07;9.84598968
1410;8.43E-06;8.07E-07;9.849068
1411;2.69E-07;8.31E-07;9.85214888
1412;2.69E-07;8.76E-07;9.85523232
1413;2.69E-07;8.76E-07;9.85831832
1414;2.70E-07;8.75E-07;9.86140688
1415;2.70E-07;8.75E-07;9.864498
1416;2.70E-07;8.75E-07;9.86759168
1417;2.70E-07;8.75E-07;9.87068792
1418;2.70E-07;8.75E-07;9.87378672
1419;2.70E-07;8.74E-07;9.87688808
1420;2.71E-07;8.74E-07;9.879992
1421;2.71E-07;8.74E-07;9.88309848
1422;2.71E-07;8.74E-07;9.88620752
1423;4.97E-06;8.73E-07;9.88931912
1424;9.97E-06;8.48E-07;9.89243328
1425;1.40E-05;8.21E-07;9.89555
1426;1.72E-05;7.99E-07;9.89866928
1427;1.94E-05;7.83E-07;9.90179112
1428;2.07E-05;7.72E-07;9.90491552
1429;2.10E-05;7.67E-07;9.90804248
1430;2.04E-05;7.66E-07;9.911172
1431;1.88E-05;7.71E-07;9.91430408
1432;1.64E-05;7.81E-07;9.91743872
1433;1.29E-05;7.96E-07;9.92057592
1434;8.56E-06;8.15E-07;9.92371568
1435;2.73E-07;8.40E-07;9.926858
1436;2.73E-07;8.85E-07;9.93000288
1437;2.73E-07;8.85E-07;9.93315032
1438;2.74E-07;8.84E-07;9.93630032
1439;2.74E-07;8.84E-07;9.93945288
1440;2.74E-07;8.84E-07;9.942608
1441;2.74E-07;8.84E-07;9.94576568
1442;2.74E-07;8.83E-07;9.94892592
1443;2.74E-07;8.83E-07;9.95208872
1444;2.75E-07;8.83E-07;9.95525408
1445;2.75E-07;8.83E-07;9.958422
1446;2.75E-07;8.82E-07;9.96159248
1447;5.04E-06;8.82E-07;9.96476552
1448;1.01E-05;8.56E-07;9.96794112
1449;1.43E-05;8.29E-07;9.97111928
1450;1.74E-05;8.07E-07;9.9743
1451;1.97E-05;7.91E-07;9.97748328
1452;2.10E-05;7.80E-07;9.98066912
1453;2.13E-05;7.74E-07;9.98385752
1454;2.07E-05;7.74E-07;9.98704848
1455;1.91E-05;7.78E-07;9.990242
1456;1.66E-05;7.88E-07;9.99343808
1457;1.31E-05;8.03E-07;9.99663672
1458;8.68E-06;8.23E-07;9.99983792
1459;2.77E-07;8.48E-07;10.00304168
1460;2.77E-07;8.94E-07;10.006248
1461;2.78E-07;8.93E-07;10.00945688
1462;2.78E-07;8.93E-07;10.01266832
1463;2.78E-07;8.93E-07;10.01588232
1464;2.78E-07;8.93E-07;10.01909888
1465;2.78E-07;8.92E-07;10.022318
1466;2.78E-07;8.92E-07;10.02553968
1467;2.79E-07;8.92E-07;10.02876392
1468;2.79E-07;8.92E-07;10.03199072
1469;2.79E-07;8.91E-07;10.03522008
1470;2.79E-07;8.91E-07;10.038452
1471;5.12E-06;8.91E-07;10.04168648
1472;1.03E-05;8.64E-07;10.04492352
1473;1.45E-05;8.37E-07;10.04816312
1474;1.77E-05;8.14E-07;10.05140528
1475;2.00E-05;7.98E-07;10.05465
1476;2.13E-05;7.87E-07;10.05789728
1477;2.16E-05;7.81E-07;10.06114712
1478;2.10E-05;7.81E-07;10.06439952
1479;1.94E-05;7.85E-07;10.06765448
1480;1.69E-05;7.95E-07;10.070912
1481;1.33E-05;8.10E-07;10.07417208
1482;8.82E-06;8.31E-07;10.07743472
1483;2.81E-07;8.56E-07;10.08069992
1484;2.82E-07;9.02E-07;10.08396768
1485;2.82E-07;9.02E-07;10.087238
1486;2.82E-07;9.02E-07;10.09051088
1487;2.82E-07;9.02E-07;10.09378632
1488;2.82E-07;9.01E-07;10.09706432
1489;2.82E-07;9.01E-07;10.10034488
1490;2.83E-07;9.01E-07;10.103628
1491;2.83E-07;9.00E-07;10.10691368
1492;2.83E-07;9.00E-07;10.11020192
1493;2.83E-07;9.00E-07;10.11349272
1494;2.83E-07;9.00E-07;10.11678608
1495;5.20E-06;8.99E-07;10.120082
1496;1.04E-05;8.72E-07;10.12338048
1497;1.47E-05;8.44E-07;10.12668152
1498;1.80E-05;8.22E-07;10.12998512
1499;2.03E-05;8.05E-07;10.13329128
1500;2.16E-05;7.94E-07;10.1366
1501;2.20E-05;7.88E-07;10.13991128
1502;2.13E-05;7.87E-07;10.14322512
1503;1.97E-05;7.92E-07;10.14654152
1504;1.71E-05;8.02E-07;10.14986048
1505;1.35E-05;8.18E-07;10.153182
1506;8.95E-06;8.38E-07;10.15650608
1507;2.86E-07;8.64E-07;10.15983272
1508;2.86E-07;9.11E-07;10.16316192
1509;2.86E-07;9.11E-07;10.16649368
1510;2.86E-07;9.10E-07;10.169828
1511;2.86E-07;9.10E-07;10.17316488
1512;2.87E-07;9.10E-07;10.17650432
1513;2.87E-07;9.10E-07;10.17984632
1514;2.87E-07;9.09E-07;10.18319088
1515;2.87E-07;9.09E-07;10.186538
1516;2.87E-07;9.09E-07;10.18988768
1517;2.87E-07;9.08E-07;10.19323992
1518;2.88E-07;9.08E-07;10.19659472
1519;5.28E-06;9.08E-07;10.19995208
1520;1.06E-05;8.81E-07;10.203312
1521;1.49E-05;8.52E-07;10.20667448
1522;1.82E-05;8.29E-07;10.21003952
1523;2.06E-05;8.12E-07;10.21340712
1524;2.19E-05;8.01E-07;10.21677728
1525;2.23E-05;7.95E-07;10.22015
1526;2.16E-05;7.94E-07;10.22352528
1527;2.00E-05;7.99E-07;10.22690312
1528;1.74E-05;8.09E-07;10.23028352
1529;1.37E-05;8.25E-07;10.23366648
1530;9.08E-06;8.46E-07;10.237052
1531;2.90E-07;8.72E-07;10.24044008
1532;2.90E-07;9.20E-07;10.24383072
1533;2.90E-07;9.19E-07;10.24722392
1534;2.90E-07;9.19E-07;10.25061968
1535;2.91E-07;9.19E-07;10.254018
1536;2.91E-07;9.18E-07;10.25741888
1537;2.91E-07;9.18E-07;10.26082232
1538;2.91E-07;9.18E-07;10.26422832
1539;2.91E-07;9.17E-07;10.26763688
1540;2.92E-07;9.17E-07;10.271048
1541;2.92E-07;9.17E-07;10.27446168
1542;2.92E-07;9.16E-07;10.27787792
1543;5.35E-06;9.16E-07;10.28129672
1544;1.07E-05;8.88E-07;10.28471808
1545;1.51E-05;8.59E-07;10.288142
1546;1.85E-05;8.36E-07;10.29156848
1547;2.09E-05;8.19E-07;10.29499752
1548;2.23E-05;8.07E-07;10.29842912
1549;2.26E-05;8.01E-07;10.30186328
1550;2.20E-05;8.01E-07;10.3053
1551;2.03E-05;8.06E-07;10.30873928
1552;1.76E-05;8.16E-07;10.31218112
1553;1.39E-05;8.32E-07;10.31562552
1554;9.22E-06;8.53E-07;10.31907248
1555;2.94E-07;8.79E-07;10.322522
1556;2.94E-07;9.28E-07;10.32597408
1557;2.95E-07;9.28E-07;10.32942872
1558;2.95E-07;9.27E-07;10.33288592
1559;2.95E-07;9.27E-07;10.33634568
1560;2.95E-07;9.27E-07;10.339808
1561;2.95E-07;9.26E-07;10.34327288
1562;2.96E-07;9.26E-07;10.34674032
1563;2.96E-07;9.26E-07;10.35021032
1564;2.96E-07;9.25E-07;10.35368288
1565;2.96E-07;9.25E-07;10.357158
1566;2.96E-07;9.25E-07;10.36063568
1567;5.44E-06;9.24E-07;10.36411592
1568;1.09E-05;8.96E-07;10.36759872
1569;1.54E-05;8.67E-07;10.37108408
1570;1.88E-05;8.43E-07;10.374572
1571;2.12E-05;8.26E-07;10.37806248
1572;2.26E-05;8.14E-07;10.38155552
1573;2.30E-05;8.08E-07;10.38505112
1574;2.23E-05;8.07E-07;10.38854928
1575;2.06E-05;8.12E-07;10.39205
1576;1.79E-05;8.23E-07;10.39555328
1577;1.41E-05;8.39E-07;10.39905912
1578;9.36E-06;8.60E-07;10.40256752
1579;2.99E-07;8.87E-07;10.40607848
1580;2.99E-07;9.36E-07;10.409592
1581;2.99E-07;9.36E-07;10.41310808
1582;2.99E-07;9.36E-07;10.41662672
1583;2.99E-07;9.35E-07;10.42014792
1584;3.00E-07;9.35E-07;10.42367168
1585;3.00E-07;9.35E-07;10.427198
1586;3.00E-07;9.34E-07;10.43072688
1587;3.00E-07;9.34E-07;10.43425832
1588;3.00E-07;9.34E-07;10.43779232
1589;3.01E-07;9.33E-07;10.44132888
1590;3.01E-07;9.33E-07;10.444868
1591;5.52E-06;9.33E-07;10.44840968
1592;1.11E-05;9.04E-07;10.45195392
1593;1.56E-05;8.74E-07;10.45550072
1594;1.91E-05;8.50E-07;10.45905008
1595;2.15E-05;8.32E-07;10.462602
1596;2.29E-05;8.20E-07;10.46615648
1597;2.33E-05;8.14E-07;10.46971352
1598;2.26E-05;8.13E-07;10.47327312
1599;2.09E-05;8.19E-07;10.47683528
1600;1.82E-05;8.29E-07;10.4804
1601;1.44E-05;8.46E-07;10.48396728
1602;9.50E-06;8.67E-07;10.48753712
1603;3.03E-07;8.94E-07;10.49110952
1604;3.03E-07;9.44E-07;10.49468448
1605;3.04E-07;9.44E-07;10.498262
1606;3.04E-07;9.44E-07;10.50184208
1607;3.04E-07;9.43E-07;10.50542472
1608;3.04E-07;9.43E-07;10.50900992
1609;3.04E-07;9.43E-07;10.51259768
1610;3.05E-07;9.42E-07;10.516188
1611;3.05E-07;9.42E-07;10.51978088
1612;3.05E-07;9.42E-07;10.52337632
1613;3.05E-07;9.41E-07;10.52697432
1614;3.05E-07;9.41E-07;10.53057488
1615;5.60E-06;9.40E-07;10.534178
1616;1.12E-05;9.12E-07;10.53778368
1617;1.58E-05;8.81E-07;10.54139192
1618;1.94E-05;8.57E-07;10.54500272
1619;2.18E-05;8.39E-07;10.54861608
1620;2.33E-05;8.26E-07;10.552232
1621;2.37E-05;8.20E-07;10.55585048
1622;2.30E-05;8.20E-07;10.55947152
1623;2.12E-05;8.25E-07;10.56309512
1624;1.84E-05;8.36E-07;10.56672128
1625;1.46E-05;8.52E-07;10.57035
1626;9.64E-06;8.74E-07;10.57398128
1627;3.08E-07;9.02E-07;10.57761512
1628;3.08E-07;9.52E-07;10.58125152
1629;3.08E-07;9.52E-07;10.58489048
1630;3.08E-07;9.52E-07;10.588532
1631;3.09E-07;9.51E-07;10.59217608
1632;3.09E-07;9.51E-07;10.59582272
1633;3.09E-07;9.51E-07;10.59947192
1634;3.09E-07;9.50E-07;10.60312368
1635;3.09E-07;9.50E-07;10.606778
1636;3.09E-07;9.49E-07;10.61043488
1637;3.10E-07;9.49E-07;10.61409432
1638;3.10E-07;9.49E-07;10.61775632
1639;5.68E-06;9.48E-07;10.62142088
1640;1.14E-05;9.19E-07;10.625088
1641;1.61E-05;8.88E-07;10.62875768
1642;1.97E-05;8.63E-07;10.63242992
1643;2.22E-05;8.45E-07;10.63610472
1644;2.36E-05;8.32E-07;10.63978208
1645;2.40E-05;8.26E-07;10.643462
1646;2.33E-05;8.25E-07;10.64714448
1647;2.16E-05;8.31E-07;10.65082952
1648;1.87E-05;8.42E-07;10.65451712
1649;1.48E-05;8.58E-07;10.65820728
1650;9.79E-06;8.81E-07;10.6619
1651;3.12E-07;9.09E-07;10.66559528
1652;3.13E-07;9.60E-07;10.66929312
1653;3.13E-07;9.60E-07;10.67299352
1654;3.13E-07;9.59E-07;10.67669648
1655;3.13E-07;9.59E-07;10.680402
1656;3.13E-07;9.59E-07;10.68411008
1657;3.14E-07;9.58E-07;10.68782072
1658;3.14E-07;9.58E-07;10.69153392
1659;3.14E-07;9.57E-07;10.69524968
1660;3.14E-07;9.57E-07;10.698968
1661;3.14E-07;9.57E-07;10.70268888
1662;3.15E-07;9.56E-07;10.70641232
1663;5.77E-06;9.56E-07;10.71013832
1664;1.16E-05;9.26E-07;10.71386688
1665;1.63E-05;8.95E-07;10.717598
1666;1.99E-05;8.70E-07;10.72133168
1667;2.25E-05;8.51E-07;10.72506792
1668;2.40E-05;8.38E-07;10.72880672
1669;2.44E-05;8.32E-07;10.73254808
1670;2.37E-05;8.31E-07;10.736292
1671;2.19E-05;8.36E-07;10.74003848
1672;1.90E-05;8.48E-07;10.74378752
1673;1.50E-05;8.65E-07;10.74753912
1674;9.93E-06;8.87E-07;10.75129328
1675;3.17E-07;9.15E-07;10.75505
1676;3.17E-07;9.68E-07;10.75880928
1677;3.17E-07;9.67E-07;10.76257112
1678;3.18E-07;9.67E-07;10.76633552
1679;3.18E-07;9.67E-07;10.77010248
1680;3.18E-07;9.66E-07;10.773872
1681;3.18E-07;9.66E-07;10.77764408
1682;3.18E-07;9.65E-07;10.78141872
1683;3.19E-07;9.65E-07;10.78519592
1684;3.19E-07;9.65E-07;10.78897568
1685;3.19E-07;9.64E-07;10.792758
1686;3.19E-07;9.64E-07;10.79654288
1687;5.86E-06;9.63E-07;10.80033032
1688;1.18E-05;9.33E-07;10.80412032
1689;1.65E-05;9.01E-07;10.80791288
1690;2.02E-05;8.76E-07;10.811708
1691;2.28E-05;8.57E-07;10.81550568
1692;2.43E-05;8.44E-07;10.81930592
1693;2.47E-05;8.37E-07;10.82310872
1694;2.40E-05;8.37E-07;10.82691408
1695;2.22E-05;8.42E-07;10.830722
1696;1.93E-05;8.53E-07;10.83453248
1697;1.52E-05;8.71E-07;10.83834552
1698;1.01E-05;8.94E-07;10.84216112
1699;3.22E-07;9.22E-07;10.84597928
1700;3.22E-07;9.75E-07;10.8498
1701;3.22E-07;9.75E-07;10.85362328
1702;3.22E-07;9.74E-07;10.85744912
1703;3.23E-07;9.74E-07;10.86127752
1704;3.23E-07;9.74E-07;10.86510848
1705;3.23E-07;9.73E-07;10.868942
1706;3.23E-07;9.73E-07;10.87277808
1707;3.23E-07;9.72E-07;10.87661672
1708;3.24E-07;9.72E-07;10.88045792
1709;3.24E-07;9.71E-07;10.88430168
1710;3.24E-07;9.71E-07;10.888148
1711;5.94E-06;9.71E-07;10.89199688
1712;1.19E-05;9.40E-07;10.89584832
1713;1.68E-05;9.07E-07;10.89970232
1714;2.06E-05;8.82E-07;10.90355888
1715;2.32E-05;8.62E-07;10.907418
1716;2.47E-05;8.49E-07;10.91127968
1717;2.51E-05;8.42E-07;10.91514392
1718;2.44E-05;8.42E-07;10.91901072
1719;2.25E-05;8.47E-07;10.92288008
1720;1.96E-05;8.59E-07;10.926752
1721;1.55E-05;8.76E-07;10.93062648
1722;1.02E-05;9.00E-07;10.93450352
1723;3.27E-07;9.29E-07;10.93838312
1724;3.27E-07;9.83E-07;10.94226528
1725;3.27E-07;9.82E-07;10.94615
1726;3.27E-07;9.82E-07;10.95003728
1727;3.28E-07;9.81E-07;10.95392712
1728;3.28E-07;9.81E-07;10.95781952
1729;3.28E-07;9.80E-07;10.96171448
1730;3.28E-07;9.80E-07;10.965612
1731;3.28E-07;9.79E-07;10.96951208
1732;3.29E-07;9.79E-07;10.97341472
1733;3.29E-07;9.78E-07;10.97731992
1734;3.29E-07;9.78E-07;10.98122768
1735;6.03E-06;9.78E-07;10.985138
1736;1.21E-05;9.46E-07;10.98905088
1737;1.70E-05;9.13E-07;10.99296632
1738;2.09E-05;8.87E-07;10.99688432
1739;2.35E-05;8.68E-07;11.00080488
1740;2.51E-05;8.54E-07;11.004728
1741;2.55E-05;8.47E-07;11.00865368
1742;2.48E-05;8.47E-07;11.01258192
1743;2.29E-05;8.52E-07;11.01651272
1744;1.99E-05;8.64E-07;11.02044608
1745;1.57E-05;8.82E-07;11.024382
1746;1.04E-05;9.05E-07;11.02832048
1747;3.32E-07;9.35E-07;11.03226152
1748;3.32E-07;9.90E-07;11.03620512
1749;3.32E-07;9.89E-07;11.04015128
1750;3.32E-07;9.89E-07;11.0441
1751;3.32E-07;9.88E-07;11.04805128
1752;3.33E-07;9.88E-07;11.05200512
1753;3.33E-07;9.87E-07;11.05596152
1754;3.33E-07;9.87E-07;11.05992048
1755;3.33E-07;9.86E-07;11.063882
1756;3.33E-07;9.86E-07;11.06784608
1757;3.34E-07;9.85E-07;11.07181272
1758;3.34E-07;9.85E-07;11.07578192
1759;6.12E-06;9.84E-07;11.07975368
1760;1.23E-05;9.53E-07;11.083728
1761;1.73E-05;9.19E-07;11.08770488
1762;2.12E-05;8.93E-07;11.09168432
1763;2.39E-05;8.73E-07;11.09566632
1764;2.55E-05;8.59E-07;11.09965088
1765;2.59E-05;8.52E-07;11.103638
1766;2.51E-05;8.51E-07;11.10762768
1767;2.32E-05;8.57E-07;11.11161992
1768;2.02E-05;8.69E-07;11.11561472
1769;1.59E-05;8.87E-07;11.11961208
1770;1.05E-05;9.11E-07;11.123612
1771;3.37E-07;9.41E-07;11.12761448
1772;3.37E-07;9.96E-07;11.13161952
1773;3.37E-07;9.96E-07;11.13562712
1774;3.37E-07;9.95E-07;11.13963728
1775;3.37E-07;9.95E-07;11.14365
1776;3.38E-07;9.94E-07;11.14766528
1777;3.38E-07;9.94E-07;11.15168312
1778;3.38E-07;9.93E-07;11.15570352
1779;3.38E-07;9.93E-07;11.15972648
1780;3.38E-07;9.92E-07;11.163752
1781;3.39E-07;9.92E-07;11.16778008
1782;3.39E-07;9.91E-07;11.17181072
1783;6.22E-06;9.91E-07;11.17584392
1784;1.25E-05;9.59E-07;11.17987968
1785;1.76E-05;9.25E-07;11.183918
1786;2.15E-05;8.98E-07;11.18795888
1787;2.43E-05;8.77E-07;11.19200232
1788;2.58E-05;8.64E-07;11.19604832
1789;2.63E-05;8.56E-07;11.20009688
1790;2.55E-05;8.56E-07;11.204148
1791;2.36E-05;8.61E-07;11.20820168
1792;2.05E-05;8.73E-07;11.21225792
1793;1.62E-05;8.92E-07;11.21631672
1794;1.07E-05;9.16E-07;11.22037808
1795;3.42E-07;9.46E-07;11.224442
1796;3.42E-07;1.00E-06;11.22850848
1797;3.42E-07;1.00E-06;11.23257752
1798;3.42E-07;1.00E-06;11.23664912
1799;3.43E-07;1.00E-06;11.24072328
1800;3.43E-07;1.00E-06;11.2448
1801;3.43E-07;1.00E-06;11.24887928
1802;3.43E-07;1.00E-06;11.25296112
1803;3.43E-07;9.99E-07;11.25704552
1804;3.44E-07;9.99E-07;11.26113248
1805;3.44E-07;9.98E-07;11.265222
1806;3.44E-07;9.98E-07;11.26931408
1807;6.31E-06;9.97E-07;11.27340872
1808;1.27E-05;9.64E-07;11.27750592
1809;1.78E-05;9.30E-07;11.28160568
1810;2.18E-05;9.02E-07;11.285708
1811;2.46E-05;8.82E-07;11.28981288
1812;2.62E-05;8.68E-07;11.29392032
1813;2.67E-05;8.61E-07;11.29803032
1814;2.59E-05;8.60E-07;11.30214288
1815;2.39E-05;8.66E-07;11.306258
1816;2.08E-05;8.78E-07;11.31037568
1817;1.64E-05;8.96E-07;11.31449592
1818;1.09E-05;9.21E-07;11.31861872
1819;3.47E-07;9.52E-07;11.32274408
1820;3.47E-07;1.01E-06;11.326872
1821;3.47E-07;1.01E-06;11.33100248
1822;3.47E-07;1.01E-06;11.33513552
1823;3.48E-07;1.01E-06;11.33927112
1824;3.48E-07;1.01E-06;11.34340928
1825;3.48E-07;1.01E-06;11.34755
1826;3.48E-07;1.01E-06;11.35169328
1827;3.49E-07;1.01E-06;11.35583912
1828;3.49E-07;1.00E-06;11.35998752
1829;3.49E-07;1.00E-06;11.36413848
1830;3.49E-07;1.00E-06;11.368292
1831;6.40E-06;1.00E-06;11.37244808
1832;1.29E-05;9.70E-07;11.37660672
1833;1.81E-05;9.35E-07;11.38076792
1834;2.21E-05;9.07E-07;11.38493168
1835;2.50E-05;8.86E-07;11.389098
1836;2.66E-05;8.72E-07;11.39326688
1837;2.71E-05;8.64E-07;11.39743832
1838;2.63E-05;8.64E-07;11.40161232
1839;2.43E-05;8.69E-07;11.40578888
1840;2.11E-05;8.82E-07;11.409968
1841;1.67E-05;9.00E-07;11.41414968
1842;1.10E-05;9.25E-07;11.41833392
1843;3.52E-07;9.57E-07;11.42252072
1844;3.52E-07;1.01E-06;11.42671008
1845;3.52E-07;1.01E-06;11.430902
1846;3.53E-07;1.01E-06;11.43509648
1847;3.53E-07;1.01E-06;11.43929352
1848;3.53E-07;1.01E-06;11.44349312
1849;3.53E-07;1.01E-06;11.44769528
1850;3.54E-07;1.01E-06;11.4519
1851;3.54E-07;1.01E-06;11.45610728
1852;3.54E-07;1.01E-06;11.46031712
1853;3.54E-07;1.01E-06;11.46452952
1854;3.54E-07;1.01E-06;11.46874448
1855;6.50E-06;1.01E-06;11.472962
1856;1.30E-05;9.75E-07;11.47718208
1857;1.84E-05;9.39E-07;11.48140472
1858;2.25E-05;9.11E-07;11.48562992
1859;2.54E-05;8.90E-07;11.48985768
1860;2.70E-05;8.75E-07;11.494088
1861;2.75E-05;8.68E-07;11.49832088
1862;2.67E-05;8.67E-07;11.50255632
1863;2.47E-05;8.73E-07;11.50679432
1864;2.14E-05;8.85E-07;11.51103488
1865;1.69E-05;9.04E-07;11.515278
1866;1.12E-05;9.30E-07;11.51952368
1867;3.57E-07;9.61E-07;11.52377192
1868;3.58E-07;1.02E-06;11.52802272
1869;3.58E-07;1.02E-06;11.53227608
1870;3.58E-07;1.02E-06;11.536532
1871;3.58E-07;1.02E-06;11.54079048
1872;3.58E-07;1.02E-06;11.54505152
1873;3.59E-07;1.02E-06;11.54931512
1874;3.59E-07;1.02E-06;11.55358128
1875;3.59E-07;1.02E-06;11.55785
1876;3.59E-07;1.02E-06;11.56212128
1877;3.60E-07;1.01E-06;11.56639512
1878;3.60E-07;1.01E-06;11.57067152
1879;6.60E-06;1.01E-06;11.57495048
1880;1.32E-05;9.79E-07;11.579232
1881;1.86E-05;9.43E-07;11.58351608
1882;2.28E-05;9.14E-07;11.58780272
1883;2.57E-05;8.93E-07;11.59209192
1884;2.74E-05;8.78E-07;11.59638368
1885;2.79E-05;8.71E-07;11.600678
1886;2.71E-05;8.70E-07;11.60497488
1887;2.50E-05;8.76E-07;11.60927432
1888;2.17E-05;8.88E-07;11.61357632
1889;1.72E-05;9.08E-07;11.61788088
1890;1.14E-05;9.33E-07;11.622188
1891;3.63E-07;9.65E-07;11.62649768
1892;3.63E-07;1.03E-06;11.63080992
1893;3.63E-07;1.02E-06;11.63512472
1894;3.63E-07;1.02E-06;11.63944208
1895;3.64E-07;1.02E-06;11.643762
1896;3.64E-07;1.02E-06;11.64808448
1897;3.64E-07;1.02E-06;11.65240952
1898;3.64E-07;1.02E-06;11.65673712
1899;3.64E-07;1.02E-06;11.66106728
1900;3.65E-07;1.02E-06;11.6654
1901;3.65E-07;1.02E-06;11.66973528
1902;3.65E-07;1.02E-06;11.67407312
1903;6.70E-06;1.02E-06;11.67841352
1904;1.34E-05;9.84E-07;11.68275648
1905;1.89E-05;9.47E-07;11.687102
1906;2.32E-05;9.18E-07;11.69145008
1907;2.61E-05;8.96E-07;11.69580072
1908;2.78E-05;8.81E-07;11.70015392
1909;2.83E-05;8.73E-07;11.70450968
1910;2.75E-05;8.72E-07;11.708868
1911;2.54E-05;8.78E-07;11.71322888
1912;2.21E-05;8.91E-07;11.71759232
1913;1.74E-05;9.11E-07;11.72195832
1914;1.15E-05;9.37E-07;11.72632688
1915;3.68E-07;9.69E-07;11.730698
1916;3.68E-07;1.03E-06;11.73507168
1917;3.69E-07;1.03E-06;11.73944792
1918;3.69E-07;1.03E-06;11.74382672
1919;3.69E-07;1.03E-06;11.74820808
1920;3.69E-07;1.03E-06;11.752592
1921;3.70E-07;1.03E-06;11.75697848
1922;3.70E-07;1.03E-06;11.76136752
1923;3.70E-07;1.03E-06;11.76575912
1924;3.70E-07;1.02E-06;11.77015328
1925;3.70E-07;1.02E-06;11.77455
1926;3.71E-07;1.02E-06;11.77894928
1927;6.80E-06;1.02E-06;11.78335112
1928;1.36E-05;9.87E-07;11.78775552
1929;1.92E-05;9.50E-07;11.79216248
1930;2.35E-05;9.21E-07;11.796572
1931;2.65E-05;8.98E-07;11.80098408
1932;2.83E-05;8.83E-07;11.80539872
1933;2.87E-05;8.75E-07;11.80981592
1934;2.79E-05;8.74E-07;11.81423568
1935;2.58E-05;8.80E-07;11.818658
1936;2.24E-05;8.93E-07;11.82308288
1937;1.77E-05;9.13E-07;11.82751032
1938;1.17E-05;9.40E-07;11.83194032
1939;3.74E-07;9.73E-07;11.83637288
1940;3.74E-07;1.03E-06;11.840808
1941;3.74E-07;1.03E-06;11.84524568
1942;3.74E-07;1.03E-06;11.84968592
1943;3.75E-07;1.03E-06;11.85412872
1944;3.75E-07;1.03E-06;11.85857408
1945;3.75E-07;1.03E-06;11.863022
1946;3.75E-07;1.03E-06;11.86747248
1947;3.76E-07;1.03E-06;11.87192552
1948;3.76E-07;1.03E-06;11.87638112
1949;3.76E-07;1.03E-06;11.88083928
1950;3.76E-07;1.03E-06;11.8853
1951;6.90E-06;1.03E-06;11.88976328
1952;1.38E-05;9.91E-07;11.89422912
1953;1.95E-05;9.53E-07;11.89869752
1954;2.39E-05;9.23E-07;11.90316848
1955;2.69E-05;9.00E-07;11.907642
1956;2.87E-05;8.85E-07;11.91211808
1957;2.92E-05;8.77E-07;11.91659672
1958;2.83E-05;8.76E-07;11.92107792
1959;2.62E-05;8.82E-07;11.92556168
1960;2.27E-05;8.95E-07;11.930048
1961;1.80E-05;9.15E-07;11.93453688
1962;1.19E-05;9.42E-07;11.93902832
1963;3.79E-07;9.76E-07;11.94352232
1964;3.80E-07;1.04E-06;11.94801888
1965;3.80E-07;1.04E-06;11.952518
1966;3.80E-07;1.04E-06;11.95701968
1967;3.80E-07;1.04E-06;11.96152392
1968;3.80E-07;1.04E-06;11.96603072
1969;3.81E-07;1.03E-06;11.97054008
1970;3.81E-07;1.03E-06;11.975052
1971;3.81E-07;1.03E-06;11.97956648
1972;3.81E-07;1.03E-06;11.98408352
1973;3.82E-07;1.03E-06;11.98860312
1974;3.82E-07;1.03E-06;11.99312528
1975;7.01E-06;1.03E-06;11.99765
1976;1.41E-05;9.94E-07;12.00217728
1977;1.98E-05;9.55E-07;12.00670712
1978;2.42E-05;9.25E-07;12.01123952
1979;2.73E-05;9.02E-07;12.01577448
1980;2.91E-05;8.86E-07;12.020312
1981;2.96E-05;8.78E-07;12.02485208
1982;2.87E-05;8.77E-07;12.02939472
1983;2.66E-05;8.83E-07;12.03393992
1984;2.31E-05;8.96E-07;12.03848768
1985;1.82E-05;9.17E-07;12.043038
1986;1.21E-05;9.44E-07;12.04759088
1987;3.85E-07;9.78E-07;12.05214632
1988;3.85E-07;1.04E-06;12.05670432
1989;3.85E-07;1.04E-06;12.06126488
1990;3.86E-07;1.04E-06;12.065828
1991;3.86E-07;1.04E-06;12.07039368
1992;3.86E-07;1.04E-06;12.07496192
1993;3.86E-07;1.04E-06;12.07953272
1994;3.87E-07;1.04E-06;12.08410608
1995;3.87E-07;1.04E-06;12.088682
1996;3.87E-07;1.04E-06;12.09326048
1997;3.87E-07;1.03E-06;12.09784152
1998;3.88E-07;1.03E-06;12.10242512
1999;7.11E-06;1.03E-06;12.10701128
2000;1.43E-05;9.96E-07;12.1116
2001;2.01E-05;9.57E-07;12.11619128
2002;2.46E-05;9.26E-07;12.12078512
2003;2.77E-05;9.02E-07;12.12538152
2004;2.96E-05;8.87E-07;12.12998048
2005;3.00E-05;8.78E-07;12.134582
2006;2.92E-05;8.77E-07;12.13918608
2007;2.70E-05;8.84E-07;12.14379272
2008;2.34E-05;8.97E-07;12.14840192
2009;1.85E-05;9.18E-07;12.15301368
2010;1.22E-05;9.45E-07;12.157628
2011;3.91E-07;9.80E-07;12.16224488
2012;3.91E-07;1.04E-06;12.16686432
2013;3.91E-07;1.04E-06;12.17148632
2014;3.92E-07;1.04E-06;12.17611088
2015;3.92E-07;1.04E-06;12.180738
2016;3.92E-07;1.04E-06;12.18536768
2017;3.92E-07;1.04E-06;12.18999992
2018;3.92E-07;1.04E-06;12.19463472
2019;3.93E-07;1.04E-06;12.19927208
2020;3.93E-07;1.04E-06;12.203912
2021;3.93E-07;1.04E-06;12.20855448
2022;3.93E-07;1.04E-06;12.21319952
2023;7.22E-06;1.04E-06;12.21784712
2024;1.45E-05;9.98E-07;12.22249728
2025;2.04E-05;9.58E-07;12.22715
2026;2.50E-05;9.27E-07;12.23180528
2027;2.82E-05;9.03E-07;12.23646312
2028;3.00E-05;8.87E-07;12.24112352
2029;3.05E-05;8.78E-07;12.24578648
2030;2.96E-05;8.77E-07;12.250452
2031;2.74E-05;8.84E-07;12.25512008
2032;2.38E-05;8.97E-07;12.25979072
2033;1.88E-05;9.18E-07;12.26446392
2034;1.24E-05;9.46E-07;12.26913968
2035;3.97E-07;9.81E-07;12.273818
2036;3.97E-07;1.05E-06;12.27849888
2037;3.97E-07;1.05E-06;12.28318232
2038;3.97E-07;1.04E-06;12.28786832
2039;3.98E-07;1.04E-06;12.29255688
2040;3.98E-07;1.04E-06;12.297248
2041;3.98E-07;1.04E-06;12.30194168
2042;3.98E-07;1.04E-06;12.30663792
2043;3.99E-07;1.04E-06;12.31133672
2044;3.99E-07;1.04E-06;12.31603808
2045;3.99E-07;1.04E-06;12.320742
2046;3.99E-07;1.04E-06;12.32544848
2047;7.33E-06;1.04E-06;12.33015752
2048;1.47E-05;9.99E-07;12.33486912
2049;2.07E-05;9.59E-07;12.33958328
2050;2.53E-05;9.27E-07;12.3443
2051;2.86E-05;9.03E-07;12.34901928
2052;3.05E-05;8.86E-07;12.35374112
2053;3.10E-05;8.77E-07;12.35846552
2054;3.01E-05;8.76E-07;12.36319248
2055;2.78E-05;8.83E-07;12.367922
2056;2.41E-05;8.97E-07;12.37265408
2057;1.91E-05;9.18E-07;12.37738872
2058;1.26E-05;9.46E-07;12.38212592
2059;4.03E-07;9.82E-07;12.38686568
2060;4.03E-07;1.05E-06;12.391608
2061;4.03E-07;1.05E-06;12.39635288
2062;4.03E-07;1.05E-06;12.40110032
2063;4.04E-07;1.05E-06;12.40585032
2064;4.04E-07;1.04E-06;12.41060288
2065;4.04E-07;1.04E-06;12.415358
2066;4.04E-07;1.04E-06;12.42011568
2067;4.05E-07;1.04E-06;12.42487592
2068;4.05E-07;1.04E-06;12.42963872
2069;4.05E-07;1.04E-06;12.43440408
2070;4.05E-07;1.04E-06;12.439172
2071;7.44E-06;1.04E-06;12.44394248
2072;1.49E-05;1.00E-06;12.44871552
2073;2.10E-05;9.59E-07;12.45349112
2074;2.57E-05;9.26E-07;12.45826928
2075;2.90E-05;9.02E-07;12.46305
2076;3.09E-05;8.85E-07;12.46783328
2077;3.14E-05;8.76E-07;12.47261912
2078;3.05E-05;8.75E-07;12.47740752
2079;2.82E-05;8.82E-07;12.48219848
2080;2.45E-05;8.96E-07;12.486992
2081;1.93E-05;9.17E-07;12.49178808
2082;1.28E-05;9.46E-07;12.49658672
2083;4.09E-07;9.82E-07;12.50138792
2084;4.09E-07;1.05E-06;12.50619168
2085;4.09E-07;1.05E-06;12.510998
2086;4.09E-07;1.05E-06;12.51580688
2087;4.10E-07;1.05E-06;12.52061832
2088;4.10E-07;1.05E-06;12.52543232
2089;4.10E-07;1.04E-06;12.53024888
2090;4.10E-07;1.04E-06;12.535068
2091;4.11E-07;1.04E-06;12.53988968
2092;4.11E-07;1.04E-06;12.54471392
2093;4.11E-07;1.04E-06;12.54954072
2094;4.11E-07;1.04E-06;12.55437008
2095;7.55E-06;1.04E-06;12.559202
2096;1.51E-05;1.00E-06;12.56403648
2097;2.13E-05;9.58E-07;12.56887352
2098;2.61E-05;9.25E-07;12.57371312
2099;2.94E-05;9.00E-07;12.57855528
2100;3.14E-05;8.83E-07;12.5834
2101;3.19E-05;8.74E-07;12.58824728
2102;3.10E-05;8.73E-07;12.59309712
2103;2.86E-05;8.79E-07;12.59794952
2104;2.49E-05;8.94E-07;12.60280448
2105;1.96E-05;9.15E-07;12.607662
2106;1.30E-05;9.45E-07;12.61252208
2107;4.15E-07;9.81E-07;12.61738472
2108;4.15E-07;1.05E-06;12.62224992
2109;4.15E-07;1.05E-06;12.62711768
2110;4.16E-07;1.05E-06;12.631988
2111;4.16E-07;1.05E-06;12.63686088
2112;4.16E-07;1.05E-06;12.64173632
2113;4.16E-07;1.04E-06;12.64661432
2114;4.17E-07;1.04E-06;12.65149488
2115;4.17E-07;1.04E-06;12.656378
2116;4.17E-07;1.04E-06;12.66126368
2117;4.17E-07;1.04E-06;12.66615192
2118;4.18E-07;1.04E-06;12.67104272
2119;7.66E-06;1.04E-06;12.67593608
2120;1.54E-05;9.99E-07;12.680832
2121;2.16E-05;9.57E-07;12.68573048
2122;2.65E-05;9.23E-07;12.69063152
2123;2.99E-05;8.98E-07;12.69553512
2124;3.19E-05;8.80E-07;12.70044128
2125;3.24E-05;8.71E-07;12.70535
2126;3.14E-05;8.70E-07;12.71026128
2127;2.91E-05;8.77E-07;12.71517512
2128;2.52E-05;8.91E-07;12.72009152
2129;1.99E-05;9.13E-07;12.72501048
2130;1.32E-05;9.43E-07;12.729932
2131;4.21E-07;9.80E-07;12.73485608
2132;4.21E-07;1.05E-06;12.73978272
2133;4.22E-07;1.05E-06;12.74471192
2134;4.22E-07;1.05E-06;12.74964368
2135;4.22E-07;1.05E-06;12.754578
2136;4.22E-07;1.04E-06;12.75951488
2137;4.23E-07;1.04E-06;12.76445432
2138;4.23E-07;1.04E-06;12.76939632
2139;4.23E-07;1.04E-06;12.77434088
2140;4.23E-07;1.04E-06;12.779288
2141;4.24E-07;1.04E-06;12.78423768
2142;4.24E-07;1.04E-06;12.78918992
2143;7.78E-06;1.04E-06;12.79414472
2144;1.56E-05;9.97E-07;12.79910208
2145;2.20E-05;9.55E-07;12.804062
2146;2.69E-05;9.20E-07;12.80902448
2147;3.03E-05;8.95E-07;12.81398952
2148;3.23E-05;8.77E-07;12.81895712
2149;3.29E-05;8.68E-07;12.82392728
2150;3.19E-05;8.66E-07;12.8289
2151;2.95E-05;8.73E-07;12.83387528
2152;2.56E-05;8.88E-07;12.83885312
2153;2.02E-05;9.10E-07;12.84383352
2154;1.34E-05;9.40E-07;12.84881648
2155;4.27E-07;9.78E-07;12.853802
2156;4.28E-07;1.05E-06;12.85879008
2157;4.28E-07;1.05E-06;12.86378072
2158;4.28E-07;1.05E-06;12.86877392
2159;4.28E-07;1.04E-06;12.87376968
2160;4.29E-07;1.04E-06;12.878768
2161;4.29E-07;1.04E-06;12.88376888
2162;4.29E-07;1.04E-06;12.88877232
2163;4.30E-07;1.04E-06;12.89377832
2164;4.30E-07;1.04E-06;12.89878688
2165;4.30E-07;1.04E-06;12.903798
2166;4.30E-07;1.04E-06;12.90881168
2167;7.89E-06;1.04E-06;12.91382792
2168;1.58E-05;9.95E-07;12.91884672
2169;2.23E-05;9.52E-07;12.92386808
2170;2.73E-05;9.17E-07;12.928892
2171;3.08E-05;8.91E-07;12.93391848
2172;3.28E-05;8.73E-07;12.93894752
2173;3.33E-05;8.63E-07;12.94397912
2174;3.24E-05;8.62E-07;12.94901328
2175;2.99E-05;8.69E-07;12.95405
2176;2.60E-05;8.84E-07;12.95908928
2177;2.05E-05;9.06E-07;12.96413112
2178;1.36E-05;9.37E-07;12.96917552
2179;4.34E-07;9.75E-07;12.97422248
2180;4.34E-07;1.05E-06;12.979272
2181;4.34E-07;1.04E-06;12.98432408
2182;4.35E-07;1.04E-06;12.98937872
2183;4.35E-07;1.04E-06;12.99443592
2184;4.35E-07;1.04E-06;12.99949568
2185;4.35E-07;1.04E-06;13.004558
2186;4.36E-07;1.04E-06;13.00962288
2187;4.36E-07;1.04E-06;13.01469032
2188;4.36E-07;1.04E-06;13.01976032
2189;4.37E-07;1.04E-06;13.02483288
2190;4.37E-07;1.03E-06;13.029908
2191;8.01E-06;1.03E-06;13.03498568
2192;1.61E-05;9.92E-07;13.04006592
2193;2.26E-05;9.48E-07;13.04514872
2194;2.77E-05;9.12E-07;13.05023408
2195;3.13E-05;8.86E-07;13.055322
2196;3.33E-05;8.68E-07;13.06041248
2197;3.39E-05;8.58E-07;13.06550552
2198;3.29E-05;8.57E-07;13.07060112
2199;3.04E-05;8.63E-07;13.07569928
2200;2.64E-05;8.78E-07;13.0808
2201;2.08E-05;9.01E-07;13.08590328
2202;1.38E-05;9.32E-07;13.09100912
2203;4.40E-07;9.71E-07;13.09611752
2204;4.41E-07;1.04E-06;13.10122848
2205;4.41E-07;1.04E-06;13.106342
2206;4.41E-07;1.04E-06;13.11145808
2207;4.41E-07;1.04E-06;13.11657672
2208;4.42E-07;1.04E-06;13.12169792
2209;4.42E-07;1.04E-06;13.12682168
2210;4.42E-07;1.04E-06;13.131948
2211;4.43E-07;1.04E-06;13.13707688
2212;4.43E-07;1.03E-06;13.14220832
2213;4.43E-07;1.03E-06;13.14734232
2214;4.43E-07;1.03E-06;13.15247888
2215;8.13E-06;1.03E-06;13.157618
2216;1.63E-05;9.88E-07;13.16275968
2217;2.30E-05;9.43E-07;13.16790392
2218;2.81E-05;9.07E-07;13.17305072
2219;3.17E-05;8.80E-07;13.17820008
2220;3.38E-05;8.62E-07;13.183352
2221;3.44E-05;8.52E-07;13.18850648
2222;3.34E-05;8.50E-07;13.19366352
2223;3.08E-05;8.57E-07;13.19882312
2224;2.68E-05;8.72E-07;13.20398528
2225;2.12E-05;8.96E-07;13.20915
2226;1.40E-05;9.27E-07;13.21431728
2227;4.47E-07;9.66E-07;13.21948712
2228;4.47E-07;1.04E-06;13.22465952
2229;4.48E-07;1.04E-06;13.22983448
2230;4.48E-07;1.04E-06;13.235012
2231;4.48E-07;1.04E-06;13.24019208
2232;4.48E-07;1.03E-06;13.24537472
2233;4.49E-07;1.03E-06;13.25055992
2234;4.49E-07;1.03E-06;13.25574768
2235;4.49E-07;1.03E-06;13.260938
2236;4.49E-07;1.03E-06;13.26613088
2237;4.50E-07;1.03E-06;13.27132632
2238;4.50E-07;1.03E-06;13.27652432
2239;8.25E-06;1.03E-06;13.28172488
2240;1.66E-05;9.83E-07;13.286928
2241;2.33E-05;9.37E-07;13.29213368
2242;2.85E-05;9.01E-07;13.29734192
2243;3.22E-05;8.73E-07;13.30255272
2244;3.43E-05;8.55E-07;13.30776608
2245;3.49E-05;8.44E-07;13.312982
2246;3.39E-05;8.43E-07;13.31820048
2247;3.13E-05;8.50E-07;13.32342152
2248;2.72E-05;8.65E-07;13.32864512
2249;2.15E-05;8.89E-07;13.33387128
2250;1.42E-05;9.21E-07;13.3391
2251;4.54E-07;9.60E-07;13.34433128
2252;4.54E-07;1.03E-06;13.34956512
2253;4.54E-07;1.03E-06;13.35480152
2254;4.55E-07;1.03E-06;13.36004048
2255;4.55E-07;1.03E-06;13.365282
2256;4.55E-07;1.03E-06;13.37052608
2257;4.55E-07;1.03E-06;13.37577272
2258;4.56E-07;1.03E-06;13.38102192
2259;4.56E-07;1.03E-06;13.38627368
2260;4.56E-07;1.02E-06;13.391528
2261;4.57E-07;1.02E-06;13.39678488
2262;4.57E-07;1.02E-06;13.40204432
2263;8.38E-06;1.02E-06;13.40730632
2264;1.68E-05;9.77E-07;13.41257088
2265;2.37E-05;9.31E-07;13.417838
2266;2.90E-05;8.94E-07;13.42310768
2267;3.27E-05;8.66E-07;13.42837992
2268;3.48E-05;8.46E-07;13.43365472
2269;3.54E-05;8.36E-07;13.43893208
2270;3.44E-05;8.35E-07;13.444212
2271;3.18E-05;8.42E-07;13.44949448
2272;2.76E-05;8.57E-07;13.45477952
2273;2.18E-05;8.81E-07;13.46006712
2274;1.44E-05;9.13E-07;13.46535728
2275;4.61E-07;9.54E-07;13.47065
2276;4.61E-07;1.03E-06;13.47594528
2277;4.61E-07;1.03E-06;13.48124312
2278;4.61E-07;1.03E-06;13.48654352
2279;4.62E-07;1.03E-06;13.49184648
2280;4.62E-07;1.02E-06;13.497152
2281;4.62E-07;1.02E-06;13.50246008
2282;4.63E-07;1.02E-06;13.50777072
2283;4.63E-07;1.02E-06;13.51308392
2284;4.63E-07;1.02E-06;13.51839968
2285;4.63E-07;1.02E-06;13.523718
2286;4.64E-07;1.02E-06;13.52903888
2287;8.51E-06;1.01E-06;13.53436232
2288;1.71E-05;9.70E-07;13.53968832
2289;2.40E-05;9.23E-07;13.54501688
2290;2.94E-05;8.85E-07;13.550348
2291;3.32E-05;8.57E-07;13.55568168
2292;3.54E-05;8.37E-07;13.56101792
2293;3.59E-05;8.27E-07;13.56635672
2294;3.49E-05;8.25E-07;13.57169808
2295;3.23E-05;8.32E-07;13.577042
2296;2.80E-05;8.48E-07;13.58238848
2297;2.21E-05;8.72E-07;13.58773752
2298;1.46E-05;9.05E-07;13.59308912
2299;4.67E-07;9.46E-07;13.59844328
2300;4.68E-07;1.02E-06;13.6038
2301;4.68E-07;1.02E-06;13.60915928
2302;4.68E-07;1.02E-06;13.61452112
2303;4.69E-07;1.02E-06;13.61988552
2304;4.69E-07;1.02E-06;13.62525248
2305;4.69E-07;1.02E-06;13.630622
2306;4.69E-07;1.01E-06;13.63599408
2307;4.70E-07;1.01E-06;13.64136872
2308;4.70E-07;1.01E-06;13.64674592
2309;4.70E-07;1.01E-06;13.65212568
2310;4.71E-07;1.01E-06;13.657508
2311;8.63E-06;1.01E-06;13.66289288
2312;1.73E-05;9.62E-07;13.66828032
2313;2.44E-05;9.14E-07;13.67367032
2314;2.98E-05;8.76E-07;13.67906288
2315;3.37E-05;8.47E-07;13.684458
2316;3.59E-05;8.27E-07;13.68985568
2317;3.65E-05;8.16E-07;13.69525592
2318;3.54E-05;8.15E-07;13.70065872
2319;3.27E-05;8.22E-07;13.70606408
2320;2.84E-05;8.38E-07;13.711472
2321;2.25E-05;8.62E-07;13.71688248
2322;1.49E-05;8.95E-07;13.72229552
2323;4.74E-07;9.37E-07;13.72771112
2324;4.75E-07;1.01E-06;13.73312928
2325;4.75E-07;1.01E-06;13.73855
2326;4.75E-07;1.01E-06;13.74397328
2327;4.76E-07;1.01E-06;13.74939912
2328;4.76E-07;1.01E-06;13.75482752
2329;4.76E-07;1.01E-06;13.76025848
2330;4.77E-07;1.01E-06;13.765692
2331;4.77E-07;1.00E-06;13.77112808
2332;4.77E-07;1.00E-06;13.77656672
2333;4.77E-07;1.00E-06;13.78200792
2334;4.78E-07;1.00E-06;13.78745168
2335;8.76E-06;9.98E-07;13.792898
2336;1.76E-05;9.52E-07;13.79834688
2337;2.48E-05;9.04E-07;13.80379832
2338;3.03E-05;8.65E-07;13.80925232
2339;3.42E-05;8.35E-07;13.81470888
2340;3.64E-05;8.15E-07;13.820168
2341;3.70E-05;8.05E-07;13.82562968
2342;3.60E-05;8.03E-07;13.83109392
2343;3.32E-05;8.10E-07;13.83656072
2344;2.89E-05;8.26E-07;13.84203008
2345;2.28E-05;8.51E-07;13.847502
2346;1.51E-05;8.85E-07;13.85297648
2347;4.82E-07;9.27E-07;13.85845352
2348;4.82E-07;1.01E-06;13.86393312
2349;4.82E-07;1.00E-06;13.86941528
2350;4.82E-07;1.00E-06;13.8749
2351;4.83E-07;1.00E-06;13.88038728
2352;4.83E-07;9.99E-07;13.88587712
2353;4.83E-07;9.98E-07;13.89136952
2354;4.84E-07;9.96E-07;13.89686448
2355;4.84E-07;9.95E-07;13.902362
2356;4.84E-07;9.93E-07;13.90786208
2357;4.85E-07;9.92E-07;13.91336472
2358;4.85E-07;9.90E-07;13.91886992
2359;8.89E-06;9.89E-07;13.92437768
2360;1.78E-05;9.42E-07;13.929888
2361;2.51E-05;8.92E-07;13.93540088
2362;3.08E-05;8.53E-07;13.94091632
2363;3.47E-05;8.23E-07;13.94643432
2364;3.70E-05;8.03E-07;13.95195488
2365;3.76E-05;7.91E-07;13.957478
2366;3.65E-05;7.90E-07;13.96300368
2367;3.37E-05;7.97E-07;13.96853192
2368;2.93E-05;8.13E-07;13.97406272
2369;2.31E-05;8.38E-07;13.97959608
2370;1.53E-05;8.72E-07;13.985132
2371;4.89E-07;9.15E-07;13.99067048
2372;4.89E-07;9.95E-07;13.99621152
2373;4.89E-07;9.93E-07;14.00175512
2374;4.90E-07;9.92E-07;14.00730128
2375;4.90E-07;9.90E-07;14.01285
2376;4.90E-07;9.89E-07;14.01840128
2377;4.91E-07;9.87E-07;14.02395512
2378;4.91E-07;9.85E-07;14.02951152
2379;4.91E-07;9.84E-07;14.03507048
2380;4.92E-07;9.82E-07;14.040632
2381;4.92E-07;9.81E-07;14.04619608
2382;4.92E-07;9.79E-07;14.05176272
2383;9.03E-06;9.77E-07;14.05733192
2384;1.81E-05;9.30E-07;14.06290368
2385;2.55E-05;8.80E-07;14.068478
2386;3.12E-05;8.40E-07;14.07405488
2387;3.52E-05;8.09E-07;14.07963432
2388;3.75E-05;7.88E-07;14.08521632
2389;3.81E-05;7.77E-07;14.09080088
2390;3.70E-05;7.75E-07;14.096388
2391;3.42E-05;7.83E-07;14.10197768
2392;2.97E-05;7.99E-07;14.10756992
2393;2.35E-05;8.25E-07;14.11316472
2394;1.55E-05;8.59E-07;14.11876208
2395;4.96E-07;9.02E-07;14.124362
2396;4.96E-07;9.83E-07;14.12996448
2397;4.97E-07;9.81E-07;14.13556952
2398;4.97E-07;9.80E-07;14.14117712
2399;4.97E-07;9.78E-07;14.14678728
2400;4.98E-07;9.77E-07;14.1524
2401;4.98E-07;9.75E-07;14.15801528
2402;4.98E-07;9.73E-07;14.16363312
2403;4.99E-07;9.72E-07;14.16925352
2404;4.99E-07;9.70E-07;14.17487648
2405;4.99E-07;9.68E-07;14.180502
2406;5.00E-07;9.67E-07;14.18613008
2407;9.16E-06;9.65E-07;14.19176072
2408;1.84E-05;9.16E-07;14.19739392
2409;2.59E-05;8.66E-07;14.20302968
2410;3.17E-05;8.25E-07;14.208668
2411;3.58E-05;7.94E-07;14.21430888
2412;3.81E-05;7.73E-07;14.21995232
2413;3.87E-05;7.61E-07;14.22559832
2414;3.76E-05;7.59E-07;14.23124688
2415;3.48E-05;7.67E-07;14.236898
2416;3.02E-05;7.83E-07;14.24255168
2417;2.38E-05;8.09E-07;14.24820792
2418;1.58E-05;8.44E-07;14.25386672
2419;5.04E-07;8.88E-07;14.25952808
2420;5.04E-07;9.70E-07;14.265192
2421;5.04E-07;9.68E-07;14.27085848
2422;5.05E-07;9.67E-07;14.27652752
2423;5.05E-07;9.65E-07;14.28219912
2424;5.05E-07;9.63E-07;14.28787328
2425;5.06E-07;9.61E-07;14.29355
2426;5.06E-07;9.60E-07;14.29922928
2427;5.06E-07;9.58E-07;14.30491112
2428;5.06E-07;9.56E-07;14.31059552
2429;5.07E-07;9.54E-07;14.31628248
2430;5.07E-07;9.53E-07;14.321972
2431;9.30E-06;9.51E-07;14.32766408
2432;1.87E-05;9.02E-07;14.33335872
2433;2.63E-05;8.50E-07;14.33905592
2434;3.22E-05;8.08E-07;14.34475568
2435;3.63E-05;7.77E-07;14.350458
2436;3.87E-05;7.56E-07;14.35616288
2437;3.93E-05;7.44E-07;14.36187032
2438;3.82E-05;7.42E-07;14.36758032
2439;3.53E-05;7.49E-07;14.37329288
2440;3.06E-05;7.66E-07;14.379008
2441;2.42E-05;7.92E-07;14.38472568
2442;1.60E-05;8.28E-07;14.39044592
2443;5.11E-07;8.72E-07;14.39616872
2444;5.12E-07;9.55E-07;14.40189408
2445;5.12E-07;9.54E-07;14.407622
2446;5.12E-07;9.52E-07;14.41335248
2447;5.12E-07;9.50E-07;14.41908552
2448;5.13E-07;9.48E-07;14.42482112
2449;5.13E-07;9.46E-07;14.43055928
2450;5.13E-07;9.44E-07;14.4363
2451;5.14E-07;9.43E-07;14.44204328
2452;5.14E-07;9.41E-07;14.44778912
2453;5.14E-07;9.39E-07;14.45353752
2454;5.15E-07;9.37E-07;14.45928848
2455;9.44E-06;9.35E-07;14.465042
2456;1.89E-05;8.85E-07;14.47079808
2457;2.67E-05;8.33E-07;14.47655672
2458;3.26E-05;7.91E-07;14.48231792
2459;3.68E-05;7.59E-07;14.48808168
2460;3.93E-05;7.37E-07;14.493848
2461;3.99E-05;7.25E-07;14.49961688
2462;3.87E-05;7.23E-07;14.50538832
2463;3.58E-05;7.30E-07;14.51116232
2464;3.11E-05;7.47E-07;14.51693888
2465;2.46E-05;7.74E-07;14.522718
2466;1.63E-05;8.10E-07;14.52849968
2467;5.19E-07;8.55E-07;14.53428392
2468;5.19E-07;9.39E-07;14.54007072
2469;5.20E-07;9.37E-07;14.54586008
2470;5.20E-07;9.35E-07;14.551652
2471;5.20E-07;9.33E-07;14.55744648
2472;5.21E-07;9.32E-07;14.56324352
2473;5.21E-07;9.30E-07;14.56904312
2474;5.21E-07;9.28E-07;14.57484528
2475;5.22E-07;9.26E-07;14.58065
2476;5.22E-07;9.24E-07;14.58645728
2477;5.22E-07;9.22E-07;14.59226712
2478;5.22E-07;9.20E-07;14.59807952
2479;9.58E-06;9.18E-07;14.60389448
2480;1.92E-05;8.67E-07;14.609712
2481;2.71E-05;8.14E-07;14.61553208
2482;3.31E-05;7.71E-07;14.62135472
2483;3.74E-05;7.39E-07;14.62717992
2484;3.98E-05;7.16E-07;14.63300768
2485;4.05E-05;7.04E-07;14.638838
2486;3.93E-05;7.02E-07;14.64467088
2487;3.63E-05;7.09E-07;14.65050632
2488;3.16E-05;7.27E-07;14.65634432
2489;2.49E-05;7.54E-07;14.66218488
2490;1.65E-05;7.90E-07;14.668028
2491;5.27E-07;8.36E-07;14.67387368
2492;5.27E-07;9.21E-07;14.67972192
2493;5.27E-07;9.19E-07;14.68557272
2494;5.28E-07;9.17E-07;14.69142608
2495;5.28E-07;9.15E-07;14.697282
2496;5.28E-07;9.13E-07;14.70314048
2497;5.29E-07;9.11E-07;14.70900152
2498;5.29E-07;9.09E-07;14.71486512
2499;5.29E-07;9.07E-07;14.72073128
2500;5.30E-07;9.05E-07;14.7266
2501;5.30E-07;9.03E-07;14.73247128
2502;5.30E-07;9.01E-07;14.73834512
2503;9.73E-06;8.99E-07;14.74422152
2504;1.95E-05;8.48E-07;14.75010048
2505;2.75E-05;7.93E-07;14.755982
2506;3.36E-05;7.50E-07;14.76186608
2507;3.80E-05;7.17E-07;14.76775272
2508;4.04E-05;6.94E-07;14.77364192
2509;4.11E-05;6.82E-07;14.77953368
2510;3.99E-05;6.79E-07;14.785428
2511;3.69E-05;6.87E-07;14.79132488
2512;3.20E-05;7.04E-07;14.79722432
2513;2.53E-05;7.32E-07;14.80312632
2514;1.67E-05;7.68E-07;14.80903088
2515;5.35E-07;8.15E-07;14.814938
2516;5.35E-07;9.02E-07;14.82084768
2517;5.35E-07;8.99E-07;14.82675992
2518;5.36E-07;8.97E-07;14.83267472
2519;5.36E-07;8.95E-07;14.83859208
2520;5.36E-07;8.93E-07;14.844512
2521;5.37E-07;8.91E-07;14.85043448
2522;5.37E-07;8.89E-07;14.85635952
2523;5.37E-07;8.87E-07;14.86228712
2524;5.38E-07;8.85E-07;14.86821728
2525;5.38E-07;8.83E-07;14.87415
2526;5.38E-07;8.81E-07;14.88008528
2527;9.87E-06;8.79E-07;14.88602312
2528;1.98E-05;8.26E-07;14.89196352
2529;2.79E-05;7.71E-07;14.89790648
2530;3.41E-05;7.27E-07;14.903852
2531;3.85E-05;6.93E-07;14.90980008
2532;4.11E-05;6.70E-07;14.91575072
2533;4.17E-05;6.57E-07;14.92170392
2534;4.05E-05;6.55E-07;14.92765968
2535;3.74E-05;6.62E-07;14.933618
2536;3.25E-05;6.80E-07;14.93957888
2537;2.57E-05;7.08E-07;14.94554232
2538;1.70E-05;7.45E-07;14.95150832
2539;5.43E-07;7.92E-07;14.95747688
2540;5.43E-07;8.80E-07;14.963448
2541;5.43E-07;8.78E-07;14.96942168
2542;5.44E-07;8.76E-07;14.97539792
2543;5.44E-07;8.73E-07;14.98137672
2544;5.44E-07;8.71E-07;14.98735808
2545;5.45E-07;8.69E-07;14.993342
2546;5.45E-07;8.67E-07;14.99932848
2547;5.45E-07;8.65E-07;15.00531752
2548;5.46E-07;8.63E-07;15.01130912
2549;5.46E-07;8.60E-07;15.01730328
2550;5.46E-07;8.58E-07;15.0233
2551;1.00E-05;8.56E-07;15.02929928
2552;2.01E-05;8.03E-07;15.03530112
2553;2.83E-05;7.47E-07;15.04130552
2554;3.47E-05;7.02E-07;15.04731248
2555;3.91E-05;6.67E-07;15.053322
2556;4.17E-05;6.44E-07;15.05933408
2557;4.23E-05;6.31E-07;15.06534872
2558;4.11E-05;6.28E-07;15.07136592
2559;3.80E-05;6.36E-07;15.07738568
2560;3.30E-05;6.54E-07;15.083408
2561;2.61E-05;6.82E-07;15.08943288
2562;1.73E-05;7.20E-07;15.09546032
2563;5.51E-07;7.67E-07;15.10149032
2564;5.51E-07;8.57E-07;15.10752288
2565;5.52E-07;8.54E-07;15.113558
2566;5.52E-07;8.52E-07;15.11959568
2567;5.52E-07;8.50E-07;15.12563592
2568;5.53E-07;8.47E-07;15.13167872
2569;5.53E-07;8.45E-07;15.13772408
2570;5.53E-07;8.43E-07;15.143772
2571;5.54E-07;8.41E-07;15.14982248
2572;5.54E-07;8.38E-07;15.15587552
2573;5.54E-07;8.36E-07;15.16193112
2574;5.55E-07;8.34E-07;15.16798928
2575;1.02E-05;8.31E-07;15.17405
2576;2.04E-05;7.77E-07;15.18011328
2577;2.87E-05;7.20E-07;15.18617912
2578;3.52E-05;6.74E-07;15.19224752
2579;3.97E-05;6.40E-07;15.19831848
2580;4.23E-05;6.16E-07;15.204392
2581;4.30E-05;6.02E-07;15.21046808
2582;4.17E-05;6.00E-07;15.21654672
2583;3.86E-05;6.08E-07;15.22262792
2584;3.35E-05;6.26E-07;15.22871168
