t;sucrose_input_rate;soil_temperature
0;2.39E-12;20
1;3.35E-12;20
2;4.31E-12;20
3;5.27E-12;20
4;6.23E-12;20
5;7.19E-12;20
6;8.21E-12;20
7;9.30E-12;20
8;1.04E-11;20
9;1.15E-11;20
10;1.26E-11;20
11;1.36E-11;20
12;1.47E-11;20
13;1.55E-11;20
14;1.54E-11;20
15;1.54E-11;20
16;1.54E-11;20
17;1.53E-11;20
18;1.53E-11;20
19;1.52E-11;20
20;1.52E-11;20
21;1.52E-11;20
22;1.51E-11;20
23;1.49E-11;20
24;1.45E-11;20
25;1.42E-11;20
26;1.38E-11;20
27;1.35E-11;20
28;1.31E-11;20
29;1.28E-11;20
30;1.24E-11;20
31;1.21E-11;20
32;1.18E-11;20
33;1.17E-11;20
34;1.16E-11;20
35;1.15E-11;20
36;1.14E-11;20
37;1.13E-11;20
38;1.12E-11;20
39;1.11E-11;20
40;1.10E-11;20
41;1.12E-11;20
42;1.15E-11;20
43;1.18E-11;20
44;1.21E-11;20
45;1.23E-11;20
46;1.26E-11;20
47;1.29E-11;20
48;1.32E-11;20
49;1.34E-11;20
50;1.37E-11;20
51;1.39E-11;20
52;1.41E-11;20
53;1.43E-11;20
54;1.46E-11;20
55;1.48E-11;20
56;1.50E-11;20
57;1.52E-11;20
58;1.53E-11;20
59;1.53E-11;20
60;1.53E-11;20
61;1.53E-11;20
62;1.53E-11;20
63;1.53E-11;20
64;1.53E-11;20
65;1.53E-11;20
66;1.53E-11;20
67;1.53E-11;20
68;1.51E-11;20
69;1.50E-11;20
70;1.48E-11;20
71;1.47E-11;20
72;1.45E-11;20
73;1.44E-11;20
74;1.42E-11;20
75;1.41E-11;20
76;1.40E-11;20
77;1.38E-11;20
78;1.36E-11;20
79;1.34E-11;20
80;1.32E-11;20
81;1.30E-11;20
82;1.28E-11;20
83;1.27E-11;20
84;1.25E-11;20
85;1.23E-11;20
86;1.23E-11;20
87;1.26E-11;20
88;1.29E-11;20
89;1.31E-11;20
90;1.34E-11;20
91;1.36E-11;20
92;1.39E-11;20
93;1.41E-11;20
94;1.44E-11;20
95;1.49E-11;20
96;1.54E-11;20
97;1.59E-11;20
98;1.64E-11;20
99;1.69E-11;20
100;1.74E-11;20
101;1.79E-11;20
102;1.84E-11;20
103;1.89E-11;20
104;1.88E-11;20
105;1.85E-11;20
106;1.82E-11;20
107;1.79E-11;20
108;1.76E-11;20
109;1.73E-11;20
110;1.70E-11;20
111;1.67E-11;20
112;1.64E-11;20
113;1.61E-11;20
114;1.58E-11;20
115;1.64E-11;20
116;1.70E-11;20
117;1.75E-11;20
118;1.81E-11;20
119;1.86E-11;20
120;1.92E-11;20
121;1.97E-11;20
122;2.03E-11;20
123;2.09E-11;20
124;2.12E-11;20
125;2.14E-11;20
126;2.15E-11;20
127;2.16E-11;20
128;2.17E-11;20
129;2.18E-11;20
130;2.19E-11;20
131;2.20E-11;20
132;2.22E-11;20
133;2.23E-11;20
134;2.24E-11;20
135;2.25E-11;20
136;2.25E-11;20
137;2.25E-11;20
138;2.26E-11;20
139;2.26E-11;20
140;2.26E-11;20
141;2.26E-11;20
142;2.26E-11;20
143;2.26E-11;20
144;2.27E-11;20
145;2.27E-11;20
146;2.27E-11;20
147;2.27E-11;20
148;2.28E-11;20
149;2.28E-11;20
150;2.28E-11;20
151;2.29E-11;20
152;2.29E-11;20
153;2.30E-11;20
154;2.30E-11;20
155;2.31E-11;20
156;2.31E-11;20
157;2.31E-11;20
158;2.32E-11;20
159;2.31E-11;20
160;2.29E-11;20
161;2.27E-11;20
162;2.26E-11;20
163;2.24E-11;20
164;2.22E-11;20
165;2.20E-11;20
166;2.18E-11;20
167;2.16E-11;20
168;2.15E-11;20
169;2.13E-11;20
170;2.11E-11;20
171;2.09E-11;20
172;2.08E-11;20
173;2.07E-11;20
174;2.06E-11;20
175;2.05E-11;20
176;2.04E-11;20
177;2.02E-11;20
178;2.01E-11;20
179;2.00E-11;20
180;1.99E-11;20
181;1.98E-11;20
182;1.97E-11;20
183;1.95E-11;20
184;1.93E-11;20
185;1.91E-11;20
186;1.90E-11;20
187;1.88E-11;20
188;1.86E-11;20
189;1.84E-11;20
190;1.83E-11;20
191;1.81E-11;20
192;1.79E-11;20
193;1.77E-11;20
194;1.74E-11;20
195;1.72E-11;20
196;1.69E-11;20
197;1.66E-11;20
198;1.64E-11;20
199;1.61E-11;20
200;1.59E-11;20
201;1.56E-11;20
202;1.53E-11;20
203;1.51E-11;20
204;1.48E-11;20
205;1.46E-11;20
206;1.43E-11;20
207;1.41E-11;20
208;1.38E-11;20
209;1.36E-11;20
210;1.33E-11;20
211;1.30E-11;20
212;1.28E-11;20
213;1.26E-11;20
214;1.25E-11;20
215;1.24E-11;20
216;1.22E-11;20
217;1.21E-11;20
218;1.20E-11;20
219;1.19E-11;20
220;1.17E-11;20
221;1.16E-11;20
222;1.14E-11;20
223;1.13E-11;20
224;1.11E-11;20
225;1.09E-11;20
226;1.07E-11;20
227;1.05E-11;20
228;1.04E-11;20
229;1.02E-11;20
230;1.02E-11;20
231;1.05E-11;20
232;1.07E-11;20
233;1.10E-11;20
234;1.13E-11;20
235;1.15E-11;20
236;1.18E-11;20
237;1.20E-11;20
238;1.23E-11;20
239;1.27E-11;20
240;1.31E-11;20
241;1.35E-11;20
242;1.39E-11;20
243;1.43E-11;20
244;1.47E-11;20
245;1.51E-11;20
246;1.54E-11;20
247;1.58E-11;20
248;1.61E-11;20
249;1.65E-11;20
250;1.68E-11;20
251;1.72E-11;20
252;1.75E-11;20
253;1.79E-11;20
254;1.82E-11;20
255;1.85E-11;20
256;1.90E-11;20
257;1.95E-11;20
258;2.00E-11;20
259;2.04E-11;20
260;2.09E-11;20
261;2.14E-11;20
262;2.19E-11;20
263;2.24E-11;20
264;2.29E-11;20
265;2.34E-11;20
266;2.39E-11;20
267;2.40E-11;20
268;2.41E-11;20
269;2.42E-11;20
270;2.43E-11;20
271;2.44E-11;20
272;2.45E-11;20
273;2.46E-11;20
274;2.47E-11;20
275;2.48E-11;20
276;2.49E-11;20
277;2.50E-11;20
278;2.51E-11;20
279;2.49E-11;20
280;2.46E-11;20
281;2.44E-11;20
282;2.41E-11;20
283;2.38E-11;20
284;2.36E-11;20
285;2.33E-11;20
286;2.31E-11;20
287;2.28E-11;20
288;2.25E-11;20
289;2.23E-11;20
290;2.20E-11;20
291;2.17E-11;20
292;2.14E-11;20
293;2.11E-11;20
294;2.08E-11;20
295;2.05E-11;20
296;2.03E-11;20
297;2.00E-11;20
298;1.97E-11;20
299;1.94E-11;20
300;1.91E-11;20
301;1.88E-11;20
302;1.85E-11;20
303;1.81E-11;20
304;1.78E-11;20
305;1.74E-11;20
306;1.70E-11;20
307;1.66E-11;20
308;1.63E-11;20
309;1.59E-11;20
310;1.55E-11;20
311;1.52E-11;20
312;1.48E-11;20
313;1.44E-11;20
314;1.37E-11;20
315;1.31E-11;20
316;1.25E-11;20
317;1.19E-11;20
318;1.13E-11;20
319;1.07E-11;20
320;1.01E-11;20
321;9.46E-12;20
322;8.85E-12;20
323;9.28E-12;20
324;9.73E-12;20
325;1.02E-11;20
326;1.06E-11;20
327;1.11E-11;20
328;1.15E-11;20
329;1.20E-11;20
330;1.23E-11;20
331;1.24E-11;20
332;1.25E-11;20
333;1.27E-11;20
334;1.28E-11;20
335;1.30E-11;20
336;1.31E-11;20
337;1.32E-11;20
338;1.34E-11;20
339;1.33E-11;20
340;1.31E-11;20
341;1.29E-11;20
342;1.28E-11;20
343;1.26E-11;20
344;1.25E-11;20
345;1.23E-11;20
346;1.22E-11;20
347;1.20E-11;20
348;1.19E-11;20
349;1.18E-11;20
350;1.17E-11;20
351;1.17E-11;20
352;1.16E-11;20
353;1.15E-11;20
354;1.14E-11;20
355;1.13E-11;20
356;1.26E-11;20
357;1.48E-11;20
358;1.71E-11;20
359;1.93E-11;20
360;2.15E-11;20
361;2.38E-11;20
362;2.60E-11;20
363;2.82E-11;20
364;2.92E-11;20
365;2.80E-11;20
366;2.68E-11;20
367;2.57E-11;20
368;2.45E-11;20
369;2.34E-11;20
370;2.22E-11;20
371;2.11E-11;20
372;1.99E-11;20
373;1.88E-11;20
374;1.76E-11;20
375;1.65E-11;20
376;1.53E-11;20
377;1.42E-11;20
378;1.39E-11;20
379;1.43E-11;20
380;1.46E-11;20
381;1.50E-11;20
382;1.53E-11;20
383;1.57E-11;20
384;1.60E-11;20
385;1.64E-11;20
386;1.67E-11;20
387;1.71E-11;20
388;1.74E-11;20
389;1.78E-11;20
390;1.81E-11;20
391;1.84E-11;20
392;1.88E-11;20
393;1.91E-11;20
394;1.95E-11;20
395;1.98E-11;20
396;2.01E-11;20
397;2.02E-11;20
398;2.03E-11;20
399;2.05E-11;20
400;2.06E-11;20
401;2.07E-11;20
402;2.08E-11;20
403;2.09E-11;20
404;2.10E-11;20
405;2.11E-11;20
406;2.13E-11;20
407;2.13E-11;20
408;2.13E-11;20
409;2.14E-11;20
410;2.14E-11;20
411;2.14E-11;20
412;2.14E-11;20
413;2.14E-11;20
414;2.14E-11;20
415;2.15E-11;20
416;2.15E-11;20
417;2.15E-11;20
418;2.16E-11;20
419;2.16E-11;20
420;2.17E-11;20
421;2.18E-11;20
422;2.18E-11;20
423;2.19E-11;20
424;2.20E-11;20
425;2.20E-11;20
426;2.21E-11;20
427;2.22E-11;20
428;2.22E-11;20
429;2.22E-11;20
430;2.22E-11;20
431;2.22E-11;20
432;2.22E-11;20
433;2.22E-11;20
434;2.22E-11;20
435;2.22E-11;20
436;2.22E-11;20
437;2.22E-11;20
438;2.23E-11;20
439;2.25E-11;20
440;2.26E-11;20
441;2.27E-11;20
442;2.29E-11;20
443;2.30E-11;20
444;2.32E-11;20
445;2.33E-11;20
446;2.35E-11;20
447;2.38E-11;20
448;2.44E-11;20
449;2.51E-11;20
450;2.57E-11;20
451;2.64E-11;20
452;2.70E-11;20
453;2.77E-11;20
454;2.83E-11;20
455;2.90E-11;20
456;2.96E-11;20
457;3.03E-11;20
458;3.09E-11;20
459;3.16E-11;20
460;3.22E-11;20
461;3.29E-11;20
462;3.36E-11;20
463;3.42E-11;20
464;3.49E-11;20
465;3.55E-11;20
466;3.63E-11;20
467;3.74E-11;20
468;3.85E-11;20
469;3.96E-11;20
470;4.07E-11;20
471;4.18E-11;20
472;4.29E-11;20
473;4.40E-11;20
474;4.51E-11;20
475;4.62E-11;20
476;4.73E-11;20
477;4.80E-11;20
478;4.87E-11;20
479;4.94E-11;20
480;5.01E-11;20
481;5.08E-11;20
482;5.16E-11;20
483;5.23E-11;20
484;5.30E-11;20
485;5.37E-11;20
486;5.44E-11;20
487;5.51E-11;20
488;5.58E-11;20
489;5.66E-11;20
490;5.74E-11;20
491;5.82E-11;20
492;5.90E-11;20
493;5.98E-11;20
494;6.06E-11;20
495;6.14E-11;20
496;6.22E-11;20
497;6.30E-11;20
498;6.38E-11;20
499;6.46E-11;20
500;6.54E-11;20
501;6.62E-11;20
502;6.71E-11;20
503;6.80E-11;20
504;6.90E-11;20
505;6.99E-11;20
506;7.08E-11;20
507;7.17E-11;20
508;7.26E-11;20
509;7.35E-11;20
510;7.45E-11;20
511;7.54E-11;20
512;7.63E-11;20
513;7.72E-11;20
514;7.81E-11;20
515;7.88E-11;20
516;7.94E-11;20
517;8.01E-11;20
518;8.08E-11;20
519;8.14E-11;20
520;8.21E-11;20
521;8.28E-11;20
522;8.35E-11;20
523;8.41E-11;20
524;8.48E-11;20
525;8.55E-11;20
526;8.61E-11;20
527;8.68E-11;20
528;8.67E-11;20
529;8.60E-11;20
530;8.52E-11;20
531;8.45E-11;20
532;8.38E-11;20
533;8.31E-11;20
534;8.23E-11;20
535;8.16E-11;20
536;8.09E-11;20
537;8.02E-11;20
538;7.94E-11;20
539;7.87E-11;20
540;7.80E-11;20
541;7.73E-11;20
542;7.81E-11;20
543;7.94E-11;20
544;8.06E-11;20
545;8.19E-11;20
546;8.32E-11;20
547;8.45E-11;20
548;8.58E-11;20
549;8.70E-11;20
550;8.83E-11;20
551;8.96E-11;20
552;9.09E-11;20
553;9.22E-11;20
554;9.34E-11;20
555;9.48E-11;20
556;9.64E-11;20
557;9.81E-11;20
558;9.97E-11;20
559;1.01E-10;20
560;1.03E-10;20
561;1.05E-10;20
562;1.06E-10;20
563;1.08E-10;20
564;1.10E-10;20
565;1.11E-10;20
566;1.13E-10;20
567;1.15E-10;20
568;1.16E-10;20
569;1.18E-10;20
570;1.20E-10;20
571;1.22E-10;20
572;1.24E-10;20
573;1.25E-10;20
574;1.27E-10;20
575;1.29E-10;20
576;1.31E-10;20
577;1.33E-10;20
578;1.34E-10;20
579;1.36E-10;20
580;1.38E-10;20
581;1.40E-10;20
582;1.42E-10;20
583;1.44E-10;20
584;1.45E-10;20
585;1.47E-10;20
586;1.49E-10;20
587;1.51E-10;20
588;1.53E-10;20
589;1.55E-10;20
590;1.56E-10;20
591;1.58E-10;20
592;1.60E-10;20
593;1.62E-10;20
594;1.64E-10;20
595;1.66E-10;20
596;1.68E-10;20
597;1.70E-10;20
598;1.72E-10;20
599;1.73E-10;20
600;1.75E-10;20
601;1.77E-10;20
602;1.79E-10;20
603;1.81E-10;20
604;1.83E-10;20
605;1.85E-10;20
606;1.87E-10;20
607;1.89E-10;20
608;1.91E-10;20
609;1.93E-10;20
610;1.95E-10;20
611;1.97E-10;20
612;1.99E-10;20
613;2.01E-10;20
614;2.02E-10;20
615;2.04E-10;20
616;2.06E-10;20
617;2.08E-10;20
618;2.10E-10;20
619;2.12E-10;20
620;2.13E-10;20
621;2.15E-10;20
622;2.17E-10;20
623;2.19E-10;20
624;2.21E-10;20
625;2.23E-10;20
626;2.24E-10;20
627;2.26E-10;20
628;2.28E-10;20
629;2.30E-10;20
630;2.32E-10;20
631;2.34E-10;20
632;2.36E-10;20
633;2.38E-10;20
634;2.40E-10;20
635;2.42E-10;20
636;2.44E-10;20
637;2.46E-10;20
638;2.48E-10;20
639;2.50E-10;20
640;2.52E-10;20
641;2.54E-10;20
642;2.56E-10;20
643;2.58E-10;20
644;2.60E-10;20
645;2.62E-10;20
646;2.64E-10;20
647;2.66E-10;20
648;2.68E-10;20
649;2.70E-10;20
650;2.72E-10;20
651;2.74E-10;20
652;2.76E-10;20
653;2.78E-10;20
654;2.80E-10;20
655;2.82E-10;20
656;2.84E-10;20
657;2.86E-10;20
658;2.89E-10;20
659;2.91E-10;20
660;2.93E-10;20
661;2.95E-10;20
662;2.97E-10;20
663;2.99E-10;20
664;3.01E-10;20
665;3.03E-10;20
666;3.05E-10;20
667;3.07E-10;20
668;3.09E-10;20
669;3.12E-10;20
670;3.14E-10;20
671;3.16E-10;20
672;3.18E-10;20
673;3.20E-10;20
674;3.22E-10;20
675;3.24E-10;20
676;3.26E-10;20
677;3.28E-10;20
678;3.31E-10;20
679;3.33E-10;20
680;3.35E-10;20
681;3.37E-10;20
682;3.39E-10;20
683;3.41E-10;20
684;3.43E-10;20
685;3.46E-10;20
686;3.48E-10;20
687;3.51E-10;20
688;3.53E-10;20
689;3.55E-10;20
690;3.58E-10;20
691;3.60E-10;20
692;3.63E-10;20
693;3.65E-10;20
694;3.68E-10;20
695;3.70E-10;20
696;3.72E-10;20
697;3.75E-10;20
698;3.77E-10;20
699;3.80E-10;20
700;3.82E-10;20
701;3.85E-10;20
702;3.87E-10;20
703;3.89E-10;20
704;3.92E-10;20
705;3.95E-10;20
706;3.97E-10;20
707;4.00E-10;20
708;4.02E-10;20
709;4.05E-10;20
710;4.07E-10;20
711;4.10E-10;20
712;4.13E-10;20
713;4.15E-10;20
714;4.18E-10;20
715;4.20E-10;20
716;4.23E-10;20
717;4.25E-10;20
718;4.28E-10;20
719;4.31E-10;20
720;4.33E-10;20
721;4.36E-10;20
722;4.38E-10;20
723;4.41E-10;20
724;4.43E-10;20
725;4.46E-10;20
726;4.48E-10;20
727;4.50E-10;20
728;4.53E-10;20
729;4.55E-10;20
730;4.58E-10;20
731;4.60E-10;20
732;4.63E-10;20
733;4.65E-10;20
734;4.68E-10;20
735;4.70E-10;20
736;4.73E-10;20
737;4.75E-10;20
738;4.77E-10;20
739;4.80E-10;20
740;4.82E-10;20
741;4.85E-10;20
742;4.87E-10;20
743;4.90E-10;20
744;4.92E-10;20
745;4.95E-10;20
746;4.98E-10;20
747;5.00E-10;20
748;5.03E-10;20
749;5.05E-10;20
750;5.08E-10;20
751;5.10E-10;20
752;5.13E-10;20
753;5.15E-10;20
754;5.18E-10;20
755;5.21E-10;20
756;5.23E-10;20
757;5.26E-10;20
758;5.28E-10;20
759;5.31E-10;20
760;5.33E-10;20
761;5.36E-10;20
762;5.39E-10;20
763;5.41E-10;20
764;5.44E-10;20
765;5.47E-10;20
766;5.49E-10;20
767;5.52E-10;20
768;5.55E-10;20
769;5.58E-10;20
770;5.60E-10;20
771;5.63E-10;20
772;5.66E-10;20
773;5.68E-10;20
774;5.71E-10;20
775;5.74E-10;20
776;5.77E-10;20
777;5.79E-10;20
778;5.82E-10;20
779;5.85E-10;20
780;5.87E-10;20
781;5.90E-10;20
782;5.93E-10;20
783;5.96E-10;20
784;5.99E-10;20
785;6.02E-10;20
786;6.05E-10;20
787;6.08E-10;20
788;6.11E-10;20
789;6.14E-10;20
790;6.17E-10;20
791;6.20E-10;20
792;6.23E-10;20
793;6.26E-10;20
794;6.29E-10;20
795;6.32E-10;20
796;6.35E-10;20
797;6.38E-10;20
798;6.41E-10;20
799;6.44E-10;20
800;6.47E-10;20
801;6.50E-10;20
802;6.54E-10;20
803;6.57E-10;20
804;6.60E-10;20
805;6.64E-10;20
806;6.67E-10;20
807;6.70E-10;20
808;6.74E-10;20
809;6.77E-10;20
810;6.80E-10;20
811;6.83E-10;20
812;6.87E-10;20
813;6.90E-10;20
814;6.93E-10;20
815;6.97E-10;20
816;7.00E-10;20
817;7.03E-10;20
818;7.07E-10;20
819;7.10E-10;20
820;7.14E-10;20
821;7.18E-10;20
822;7.21E-10;20
823;7.25E-10;20
824;7.28E-10;20
825;7.32E-10;20
826;7.36E-10;20
827;7.39E-10;20
828;7.43E-10;20
829;7.46E-10;20
830;7.50E-10;20
831;7.53E-10;20
832;7.57E-10;20
833;7.61E-10;20
834;7.64E-10;20
835;7.68E-10;20
836;7.71E-10;20
837;7.75E-10;20
838;7.78E-10;20
839;7.82E-10;20
840;7.86E-10;20
841;7.89E-10;20
842;7.93E-10;20
843;7.96E-10;20
844;8.00E-10;20
845;8.04E-10;20
846;8.07E-10;20
847;8.11E-10;20
848;8.14E-10;20
849;8.18E-10;20
850;8.21E-10;20
851;8.25E-10;20
852;8.28E-10;20
853;8.32E-10;20
854;8.35E-10;20
855;8.39E-10;20
856;8.43E-10;20
857;8.46E-10;20
858;8.50E-10;20
859;8.53E-10;20
860;8.57E-10;20
861;8.60E-10;20
862;8.64E-10;20
863;8.67E-10;20
864;8.71E-10;20
865;8.74E-10;20
866;8.78E-10;20
867;8.81E-10;20
868;8.84E-10;20
869;8.88E-10;20
870;8.91E-10;20
871;8.95E-10;20
872;8.98E-10;20
873;9.01E-10;20
874;9.05E-10;20
875;9.08E-10;20
876;9.12E-10;20
877;9.15E-10;20
878;9.19E-10;20
879;9.22E-10;20
880;9.25E-10;20
881;9.29E-10;20
882;9.32E-10;20
883;9.35E-10;20
884;9.39E-10;20
885;9.42E-10;20
886;9.45E-10;20
887;9.48E-10;20
888;9.51E-10;20
889;9.55E-10;20
890;9.58E-10;20
891;9.61E-10;20
892;9.64E-10;20
893;9.68E-10;20
894;9.71E-10;20
895;9.74E-10;20
896;9.77E-10;20
897;9.80E-10;20
898;9.84E-10;20
899;9.87E-10;20
900;9.90E-10;20
901;9.93E-10;20
902;9.96E-10;20
903;1.00E-09;20
904;1.00E-09;20
905;1.01E-09;20
906;1.01E-09;20
907;1.01E-09;20
908;1.02E-09;20
909;1.02E-09;20
910;1.02E-09;20
911;1.03E-09;20
912;1.03E-09;20
913;1.03E-09;20
914;1.03E-09;20
915;1.04E-09;20
916;1.04E-09;20
917;1.04E-09;20
918;1.05E-09;20
919;1.05E-09;20
920;1.05E-09;20
921;1.06E-09;20
922;1.06E-09;20
923;1.06E-09;20
924;1.06E-09;20
925;1.07E-09;20
926;1.07E-09;20
927;1.07E-09;20
928;1.08E-09;20
929;1.08E-09;20
930;1.08E-09;20
931;1.08E-09;20
932;1.09E-09;20
933;1.09E-09;20
934;1.09E-09;20
935;1.10E-09;20
936;1.10E-09;20
937;1.10E-09;20
938;1.10E-09;20
939;1.11E-09;20
940;1.11E-09;20
941;1.11E-09;20
942;1.11E-09;20
943;1.12E-09;20
944;1.12E-09;20
945;1.12E-09;20
946;1.13E-09;20
947;1.13E-09;20
948;1.13E-09;20
949;1.13E-09;20
950;1.14E-09;20
951;1.14E-09;20
952;1.14E-09;20
953;1.14E-09;20
954;1.15E-09;20
955;1.15E-09;20
956;1.15E-09;20
957;1.15E-09;20
958;1.15E-09;20
959;1.16E-09;20
960;1.16E-09;20
961;1.16E-09;20
962;1.16E-09;20
963;1.16E-09;20
964;1.17E-09;20
965;1.17E-09;20
966;1.17E-09;20
967;1.17E-09;20
968;1.18E-09;20
969;1.18E-09;20
970;1.18E-09;20
971;1.18E-09;20
972;1.18E-09;20
973;1.19E-09;20
974;1.19E-09;20
975;1.19E-09;20
976;1.19E-09;20
977;1.19E-09;20
978;1.20E-09;20
979;1.20E-09;20
980;1.20E-09;20
981;1.20E-09;20
982;1.20E-09;20
983;1.21E-09;20
984;1.21E-09;20
985;1.21E-09;20
986;1.21E-09;20
987;1.21E-09;20
988;1.22E-09;20
989;1.22E-09;20
990;1.22E-09;20
991;1.22E-09;20
992;1.22E-09;20
993;1.23E-09;20
994;1.23E-09;20
995;1.23E-09;20
996;1.23E-09;20
997;1.23E-09;20
998;1.24E-09;20
999;1.24E-09;20
1000;1.24E-09;20
1001;1.24E-09;20
1002;1.24E-09;20
1003;1.25E-09;20
1004;1.25E-09;20
1005;1.25E-09;20
1006;1.25E-09;20
1007;1.26E-09;20
1008;1.26E-09;20
1009;1.26E-09;20
1010;1.26E-09;20
1011;1.26E-09;20
1012;1.27E-09;20
1013;1.27E-09;20
1014;1.27E-09;20
1015;1.27E-09;20
1016;1.27E-09;20
1017;1.28E-09;20
1018;1.28E-09;20
1019;1.28E-09;20
1020;1.28E-09;20
1021;1.29E-09;20
1022;1.29E-09;20
1023;1.29E-09;20
1024;1.29E-09;20
1025;1.29E-09;20
1026;1.30E-09;20
1027;1.30E-09;20
1028;1.30E-09;20
1029;1.30E-09;20
1030;1.30E-09;20
1031;1.31E-09;20
1032;1.31E-09;20
1033;1.31E-09;20
1034;1.31E-09;20
1035;1.31E-09;20
1036;1.31E-09;20
1037;1.32E-09;20
1038;1.32E-09;20
1039;1.32E-09;20
1040;1.32E-09;20
1041;1.32E-09;20
1042;1.33E-09;20
1043;1.33E-09;20
1044;1.33E-09;20
1045;1.33E-09;20
1046;1.33E-09;20
1047;1.33E-09;20
1048;1.33E-09;20
1049;1.34E-09;20
1050;1.34E-09;20
1051;1.34E-09;20
1052;1.34E-09;20
1053;1.34E-09;20
1054;1.34E-09;20
1055;1.34E-09;20
1056;1.34E-09;20
1057;1.35E-09;20
1058;1.35E-09;20
1059;1.35E-09;20
1060;1.35E-09;20
1061;1.35E-09;20
1062;1.35E-09;20
1063;1.35E-09;20
1064;1.36E-09;20
1065;1.36E-09;20
1066;1.36E-09;20
1067;1.36E-09;20
1068;1.36E-09;20
1069;1.37E-09;20
1070;1.37E-09;20
1071;1.37E-09;20
1072;1.37E-09;20
1073;1.37E-09;20
1074;1.37E-09;20
1075;1.38E-09;20
1076;1.38E-09;20
1077;1.38E-09;20
1078;1.38E-09;20
1079;1.38E-09;20
1080;1.38E-09;20
1081;1.38E-09;20
1082;1.38E-09;20
1083;1.38E-09;20
1084;1.38E-09;20
1085;1.38E-09;20
1086;1.39E-09;20
1087;1.39E-09;20
1088;1.39E-09;20
1089;1.39E-09;20
1090;1.39E-09;20
1091;1.39E-09;20
1092;1.39E-09;20
1093;1.39E-09;20
1094;1.39E-09;20
1095;1.39E-09;20
1096;1.39E-09;20
1097;1.39E-09;20
1098;1.40E-09;20
1099;1.40E-09;20
1100;1.40E-09;20
1101;1.40E-09;20
1102;1.40E-09;20
1103;1.40E-09;20
1104;1.40E-09;20
1105;1.40E-09;20
1106;1.40E-09;20
1107;1.41E-09;20
1108;1.41E-09;20
1109;1.41E-09;20
1110;1.41E-09;20
1111;1.41E-09;20
1112;1.41E-09;20
1113;1.41E-09;20
1114;1.41E-09;20
1115;1.41E-09;20
1116;1.41E-09;20
1117;1.41E-09;20
1118;1.41E-09;20
1119;1.41E-09;20
1120;1.42E-09;20
1121;1.42E-09;20
1122;1.42E-09;20
1123;1.42E-09;20
1124;1.42E-09;20
1125;1.42E-09;20
1126;1.42E-09;20
1127;1.42E-09;20
1128;1.42E-09;20
1129;1.42E-09;20
1130;1.42E-09;20
1131;1.42E-09;20
1132;1.42E-09;20
1133;1.42E-09;20
1134;1.42E-09;20
1135;1.42E-09;20
1136;1.42E-09;20
1137;1.42E-09;20
1138;1.42E-09;20
1139;1.43E-09;20
1140;1.43E-09;20
1141;1.43E-09;20
1142;1.43E-09;20
1143;1.43E-09;20
1144;1.43E-09;20
1145;1.43E-09;20
1146;1.43E-09;20
1147;1.43E-09;20
1148;1.43E-09;20
1149;1.43E-09;20
1150;1.43E-09;20
1151;1.43E-09;20
1152;1.43E-09;20
1153;1.43E-09;20
1154;1.43E-09;20
1155;1.43E-09;20
1156;1.43E-09;20
1157;1.43E-09;20
1158;1.43E-09;20
1159;1.43E-09;20
1160;1.43E-09;20
1161;1.43E-09;20
1162;1.43E-09;20
1163;1.43E-09;20
1164;1.43E-09;20
1165;1.43E-09;20
1166;1.43E-09;20
1167;1.43E-09;20
1168;1.43E-09;20
1169;1.43E-09;20
1170;1.43E-09;20
1171;1.43E-09;20
1172;1.43E-09;20
1173;1.43E-09;20
1174;1.43E-09;20
1175;1.43E-09;20
1176;1.43E-09;20
1177;1.43E-09;20
1178;1.43E-09;20
1179;1.43E-09;20
1180;1.43E-09;20
1181;1.43E-09;20
1182;1.43E-09;20
1183;1.43E-09;20
1184;1.43E-09;20
1185;1.43E-09;20
1186;1.43E-09;20
1187;1.43E-09;20
1188;1.43E-09;20
1189;1.43E-09;20
1190;1.43E-09;20
1191;1.43E-09;20
1192;1.43E-09;20
1193;1.43E-09;20
1194;1.43E-09;20
1195;1.43E-09;20
1196;1.43E-09;20
1197;1.43E-09;20
1198;1.43E-09;20
1199;1.43E-09;20
1200;1.42E-09;20
1201;1.42E-09;20
1202;1.42E-09;20
1203;1.42E-09;20
1204;1.42E-09;20
1205;1.42E-09;20
1206;1.42E-09;20
1207;1.42E-09;20
1208;1.42E-09;20
1209;1.42E-09;20
1210;1.42E-09;20
1211;1.42E-09;20
1212;1.42E-09;20
1213;1.42E-09;20
1214;1.42E-09;20
1215;1.42E-09;20
1216;1.42E-09;20
1217;1.42E-09;20
1218;1.42E-09;20
1219;1.42E-09;20
1220;1.42E-09;20
1221;1.42E-09;20
1222;1.42E-09;20
1223;1.42E-09;20
1224;1.42E-09;20
1225;1.42E-09;20
1226;1.42E-09;20
1227;1.42E-09;20
1228;1.42E-09;20
1229;1.42E-09;20
1230;1.42E-09;20
1231;1.42E-09;20
1232;1.41E-09;20
1233;1.41E-09;20
1234;1.41E-09;20
1235;1.41E-09;20
1236;1.41E-09;20
1237;1.41E-09;20
1238;1.41E-09;20
1239;1.41E-09;20
1240;1.41E-09;20
1241;1.40E-09;20
1242;1.40E-09;20
1243;1.40E-09;20
1244;1.40E-09;20
1245;1.40E-09;20
1246;1.40E-09;20
1247;1.40E-09;20
1248;1.40E-09;20
1249;1.40E-09;20
1250;1.40E-09;20
1251;1.40E-09;20
1252;1.40E-09;20
1253;1.40E-09;20
1254;1.39E-09;20
1255;1.39E-09;20
1256;1.39E-09;20
1257;1.39E-09;20
1258;1.39E-09;20
1259;1.39E-09;20
1260;1.39E-09;20
1261;1.39E-09;20
1262;1.39E-09;20
1263;1.39E-09;20
1264;1.39E-09;20
1265;1.39E-09;20
1266;1.39E-09;20
1267;1.39E-09;20
1268;1.38E-09;20
1269;1.38E-09;20
1270;1.38E-09;20
1271;1.38E-09;20
1272;1.38E-09;20
1273;1.38E-09;20
1274;1.38E-09;20
1275;1.38E-09;20
1276;1.38E-09;20
1277;1.38E-09;20
1278;1.37E-09;20
1279;1.37E-09;20
1280;1.37E-09;20
1281;1.37E-09;20
1282;1.37E-09;20
1283;1.37E-09;20
1284;1.37E-09;20
1285;1.37E-09;20
1286;1.37E-09;20
1287;1.37E-09;20
1288;1.36E-09;20
1289;1.36E-09;20
1290;1.36E-09;20
1291;1.36E-09;20
1292;1.36E-09;20
1293;1.36E-09;20
1294;1.36E-09;20
1295;1.36E-09;20
1296;1.36E-09;20
1297;1.36E-09;20
1298;1.35E-09;20
1299;1.35E-09;20
1300;1.35E-09;20
1301;1.35E-09;20
1302;1.35E-09;20
1303;1.35E-09;20
1304;1.35E-09;20
1305;1.35E-09;20
1306;1.35E-09;20
1307;1.35E-09;20
1308;1.34E-09;20
1309;1.34E-09;20
1310;1.34E-09;20
1311;1.34E-09;20
1312;1.34E-09;20
1313;1.34E-09;20
1314;1.34E-09;20
1315;1.34E-09;20
1316;1.34E-09;20
1317;1.34E-09;20
1318;1.33E-09;20
1319;1.33E-09;20
1320;1.33E-09;20
1321;1.33E-09;20
1322;1.33E-09;20
1323;1.33E-09;20
1324;1.33E-09;20
1325;1.33E-09;20
1326;1.33E-09;20
1327;1.33E-09;20
1328;1.32E-09;20
1329;1.32E-09;20
1330;1.32E-09;20
1331;1.32E-09;20
1332;1.32E-09;20
1333;1.32E-09;20
1334;1.32E-09;20
1335;1.32E-09;20
1336;1.32E-09;20
1337;1.32E-09;20
1338;1.31E-09;20
1339;1.31E-09;20
1340;1.31E-09;20
1341;1.31E-09;20
1342;1.31E-09;20
1343;1.31E-09;20
1344;1.31E-09;20
1345;1.31E-09;20
1346;1.30E-09;20
1347;1.30E-09;20
1348;1.30E-09;20
1349;1.30E-09;20
1350;1.30E-09;20
1351;1.30E-09;20
1352;1.30E-09;20
1353;1.29E-09;20
1354;1.29E-09;20
1355;1.29E-09;20
1356;1.29E-09;20
1357;1.29E-09;20
1358;1.29E-09;20
1359;1.28E-09;20
1360;1.28E-09;20
1361;1.28E-09;20
1362;1.28E-09;20
1363;1.28E-09;20
1364;1.28E-09;20
1365;1.27E-09;20
1366;1.27E-09;20
1367;1.27E-09;20
1368;1.27E-09;20
1369;1.27E-09;20
1370;1.27E-09;20
1371;1.26E-09;20
1372;1.26E-09;20
1373;1.26E-09;20
1374;1.26E-09;20
1375;1.26E-09;20
1376;1.26E-09;20
1377;1.25E-09;20
1378;1.25E-09;20
1379;1.25E-09;20
1380;1.25E-09;20
1381;1.25E-09;20
1382;1.25E-09;20
1383;1.24E-09;20
1384;1.24E-09;20
1385;1.24E-09;20
1386;1.24E-09;20
1387;1.24E-09;20
1388;1.24E-09;20
1389;1.23E-09;20
1390;1.23E-09;20
1391;1.23E-09;20
1392;1.23E-09;20
1393;1.23E-09;20
1394;1.22E-09;20
1395;1.22E-09;20
1396;1.22E-09;20
1397;1.22E-09;20
1398;1.22E-09;20
1399;1.22E-09;20
1400;1.21E-09;20
1401;1.21E-09;20
1402;1.21E-09;20
1403;1.21E-09;20
1404;1.21E-09;20
1405;1.21E-09;20
1406;1.21E-09;20
1407;1.20E-09;20
1408;1.20E-09;20
1409;1.20E-09;20
1410;1.20E-09;20
1411;1.20E-09;20
1412;1.20E-09;20
1413;1.19E-09;20
1414;1.19E-09;20
1415;1.19E-09;20
1416;1.19E-09;20
1417;1.19E-09;20
1418;1.19E-09;20
1419;1.18E-09;20
1420;1.18E-09;20
1421;1.18E-09;20
1422;1.18E-09;20
1423;1.18E-09;20
1424;1.18E-09;20
1425;1.18E-09;20
1426;1.17E-09;20
1427;1.17E-09;20
1428;1.17E-09;20
1429;1.17E-09;20
1430;1.17E-09;20
1431;1.17E-09;20
1432;1.16E-09;20
1433;1.16E-09;20
1434;1.16E-09;20
1435;1.16E-09;20
1436;1.16E-09;20
1437;1.16E-09;20
1438;1.16E-09;20
1439;1.15E-09;20
1440;1.15E-09;20
1441;1.15E-09;20
1442;1.15E-09;20
1443;1.15E-09;20
1444;1.15E-09;20
1445;1.14E-09;20
1446;1.14E-09;20
1447;1.14E-09;20
1448;1.14E-09;20
1449;1.14E-09;20
1450;1.14E-09;20
1451;1.13E-09;20
1452;1.13E-09;20
1453;1.13E-09;20
1454;1.13E-09;20
1455;1.13E-09;20
1456;1.13E-09;20
1457;1.12E-09;20
1458;1.12E-09;20
1459;1.12E-09;20
1460;1.12E-09;20
1461;1.12E-09;20
1462;1.11E-09;20
1463;1.11E-09;20
1464;1.11E-09;20
1465;1.11E-09;20
1466;1.11E-09;20
1467;1.10E-09;20
1468;1.10E-09;20
1469;1.10E-09;20
1470;1.10E-09;20
1471;1.10E-09;20
1472;1.10E-09;20
1473;1.09E-09;20
1474;1.09E-09;20
1475;1.09E-09;20
1476;1.09E-09;20
1477;1.09E-09;20
1478;1.09E-09;20
1479;1.08E-09;20
1480;1.08E-09;20
1481;1.08E-09;20
1482;1.08E-09;20
1483;1.08E-09;20
1484;1.08E-09;20
1485;1.08E-09;20
1486;1.07E-09;20
1487;1.07E-09;20
1488;1.07E-09;20
1489;1.07E-09;20
1490;1.07E-09;20
1491;1.07E-09;20
1492;1.07E-09;20
1493;1.06E-09;20
1494;1.06E-09;20
1495;1.06E-09;20
1496;1.06E-09;20
1497;1.06E-09;20
1498;1.06E-09;20
1499;1.06E-09;20
1500;1.05E-09;20
1501;1.05E-09;20
1502;1.05E-09;20
1503;1.05E-09;20
1504;1.05E-09;20
1505;1.05E-09;20
1506;1.05E-09;20
1507;1.05E-09;20
1508;1.04E-09;20
1509;1.04E-09;20
1510;1.04E-09;20
1511;1.04E-09;20
1512;1.04E-09;20
1513;1.04E-09;20
1514;1.04E-09;20
1515;1.03E-09;20
1516;1.03E-09;20
1517;1.03E-09;20
1518;1.03E-09;20
1519;1.03E-09;20
1520;1.03E-09;20
1521;1.03E-09;20
1522;1.02E-09;20
1523;1.02E-09;20
1524;1.02E-09;20
1525;1.02E-09;20
1526;1.02E-09;20
1527;1.02E-09;20
1528;1.01E-09;20
1529;1.01E-09;20
1530;1.01E-09;20
1531;1.01E-09;20
1532;1.01E-09;20
1533;1.00E-09;20
1534;1.00E-09;20
1535;1.00E-09;20
1536;1.00E-09;20
1537;9.98E-10;20
1538;9.97E-10;20
1539;9.95E-10;20
1540;9.93E-10;20
1541;9.91E-10;20
1542;9.89E-10;20
1543;9.87E-10;20
1544;9.86E-10;20
1545;9.84E-10;20
1546;9.82E-10;20
1547;9.80E-10;20
1548;9.78E-10;20
1549;9.76E-10;20
1550;9.74E-10;20
1551;9.72E-10;20
1552;9.70E-10;20
1553;9.68E-10;20
1554;9.66E-10;20
1555;9.64E-10;20
1556;9.62E-10;20
1557;9.60E-10;20
1558;9.58E-10;20
1559;9.56E-10;20
1560;9.55E-10;20
1561;9.53E-10;20
1562;9.52E-10;20
1563;9.50E-10;20
1564;9.48E-10;20
1565;9.47E-10;20
1566;9.45E-10;20
1567;9.43E-10;20
1568;9.42E-10;20
1569;9.40E-10;20
1570;9.39E-10;20
1571;9.37E-10;20
1572;9.35E-10;20
1573;9.34E-10;20
1574;9.32E-10;20
1575;9.30E-10;20
1576;9.29E-10;20
1577;9.27E-10;20
1578;9.26E-10;20
1579;9.24E-10;20
1580;9.22E-10;20
1581;9.21E-10;20
1582;9.19E-10;20
1583;9.17E-10;20
1584;9.16E-10;20
1585;9.14E-10;20
1586;9.13E-10;20
1587;9.11E-10;20
1588;9.09E-10;20
1589;9.08E-10;20
1590;9.06E-10;20
1591;9.04E-10;20
1592;9.03E-10;20
1593;9.01E-10;20
1594;9.00E-10;20
1595;8.98E-10;20
1596;8.96E-10;20
1597;8.95E-10;20
1598;8.93E-10;20
1599;8.91E-10;20
1600;8.90E-10;20
1601;8.88E-10;20
1602;8.86E-10;20
1603;8.85E-10;20
1604;8.83E-10;20
1605;8.81E-10;20
1606;8.80E-10;20
1607;8.78E-10;20
1608;8.76E-10;20
1609;8.75E-10;20
1610;8.73E-10;20
1611;8.71E-10;20
1612;8.70E-10;20
1613;8.68E-10;20
1614;8.66E-10;20
1615;8.65E-10;20
1616;8.63E-10;20
1617;8.61E-10;20
1618;8.60E-10;20
1619;8.58E-10;20
1620;8.56E-10;20
1621;8.55E-10;20
1622;8.53E-10;20
1623;8.51E-10;20
1624;8.50E-10;20
1625;8.48E-10;20
1626;8.47E-10;20
1627;8.45E-10;20
1628;8.44E-10;20
1629;8.42E-10;20
1630;8.40E-10;20
1631;8.39E-10;20
1632;8.37E-10;20
1633;8.36E-10;20
1634;8.34E-10;20
1635;8.33E-10;20
1636;8.31E-10;20
1637;8.29E-10;20
1638;8.28E-10;20
1639;8.26E-10;20
1640;8.25E-10;20
1641;8.23E-10;20
1642;8.22E-10;20
1643;8.20E-10;20
1644;8.18E-10;20
1645;8.17E-10;20
1646;8.15E-10;20
1647;8.14E-10;20
1648;8.12E-10;20
1649;8.11E-10;20
1650;8.09E-10;20
1651;8.08E-10;20
1652;8.06E-10;20
1653;8.05E-10;20
1654;8.03E-10;20
1655;8.02E-10;20
1656;8.00E-10;20
1657;7.99E-10;20
1658;7.97E-10;20
1659;7.96E-10;20
1660;7.94E-10;20
1661;7.93E-10;20
1662;7.91E-10;20
1663;7.90E-10;20
1664;7.88E-10;20
1665;7.87E-10;20
1666;7.85E-10;20
1667;7.84E-10;20
1668;7.82E-10;20
1669;7.81E-10;20
1670;7.80E-10;20
1671;7.78E-10;20
1672;7.77E-10;20
1673;7.75E-10;20
1674;7.74E-10;20
1675;7.72E-10;20
1676;7.71E-10;20
1677;7.70E-10;20
1678;7.68E-10;20
1679;7.67E-10;20
1680;7.65E-10;20
1681;7.64E-10;20
1682;7.62E-10;20
1683;7.61E-10;20
1684;7.60E-10;20
1685;7.58E-10;20
1686;7.57E-10;20
1687;7.55E-10;20
1688;7.54E-10;20
1689;7.53E-10;20
1690;7.51E-10;20
1691;7.50E-10;20
1692;7.48E-10;20
1693;7.47E-10;20
1694;7.46E-10;20
1695;7.44E-10;20
1696;7.43E-10;20
1697;7.41E-10;20
1698;7.40E-10;20
1699;7.39E-10;20
1700;7.37E-10;20
1701;7.36E-10;20
1702;7.34E-10;20
1703;7.33E-10;20
1704;7.32E-10;20
1705;7.30E-10;20
1706;7.29E-10;20
1707;7.27E-10;20
1708;7.26E-10;20
1709;7.25E-10;20
1710;7.23E-10;20
1711;7.22E-10;20
1712;7.21E-10;20
1713;7.19E-10;20
1714;7.18E-10;20
1715;7.17E-10;20
1716;7.15E-10;20
1717;7.14E-10;20
1718;7.13E-10;20
1719;7.12E-10;20
1720;7.10E-10;20
1721;7.09E-10;20
1722;7.08E-10;20
1723;7.06E-10;20
1724;7.05E-10;20
1725;7.04E-10;20
1726;7.02E-10;20
1727;7.01E-10;20
1728;7.00E-10;20
1729;6.98E-10;20
1730;6.97E-10;20
1731;6.96E-10;20
1732;6.94E-10;20
1733;6.93E-10;20
1734;6.92E-10;20
1735;6.91E-10;20
1736;6.89E-10;20
1737;6.88E-10;20
1738;6.87E-10;20
1739;6.85E-10;20
1740;6.84E-10;20
1741;6.83E-10;20
1742;6.82E-10;20
1743;6.80E-10;20
1744;6.79E-10;20
1745;6.78E-10;20
1746;6.76E-10;20
1747;6.75E-10;20
1748;6.74E-10;20
1749;6.73E-10;20
1750;6.71E-10;20
1751;6.70E-10;20
1752;6.69E-10;20
1753;6.67E-10;20
1754;6.66E-10;20
1755;6.65E-10;20
1756;6.64E-10;20
1757;6.62E-10;20
1758;6.61E-10;20
1759;6.60E-10;20
1760;6.59E-10;20
1761;6.57E-10;20
1762;6.56E-10;20
1763;6.55E-10;20
1764;6.54E-10;20
1765;6.52E-10;20
1766;6.51E-10;20
1767;6.50E-10;20
1768;6.48E-10;20
1769;6.47E-10;20
1770;6.46E-10;20
1771;6.45E-10;20
1772;6.43E-10;20
1773;6.42E-10;20
1774;6.41E-10;20
1775;6.40E-10;20
1776;6.38E-10;20
1777;6.37E-10;20
1778;6.36E-10;20
1779;6.35E-10;20
1780;6.33E-10;20
1781;6.32E-10;20
1782;6.31E-10;20
1783;6.29E-10;20
1784;6.28E-10;20
1785;6.27E-10;20
1786;6.25E-10;20
1787;6.24E-10;20
1788;6.22E-10;20
1789;6.21E-10;20
1790;6.20E-10;20
1791;6.18E-10;20
1792;6.17E-10;20
1793;6.16E-10;20
1794;6.14E-10;20
1795;6.13E-10;20
1796;6.12E-10;20
1797;6.10E-10;20
1798;6.09E-10;20
1799;6.08E-10;20
1800;6.06E-10;20
1801;6.05E-10;20
1802;6.04E-10;20
1803;6.02E-10;20
1804;6.01E-10;20
1805;6.00E-10;20
1806;5.98E-10;20
1807;5.97E-10;20
1808;5.96E-10;20
1809;5.94E-10;20
1810;5.93E-10;20
1811;5.91E-10;20
1812;5.90E-10;20
1813;5.89E-10;20
1814;5.87E-10;20
1815;5.86E-10;20
1816;5.85E-10;20
1817;5.83E-10;20
1818;5.82E-10;20
1819;5.81E-10;20
1820;5.79E-10;20
1821;5.78E-10;20
1822;5.77E-10;20
1823;5.75E-10;20
1824;5.74E-10;20
1825;5.73E-10;20
1826;5.71E-10;20
1827;5.70E-10;20
1828;5.69E-10;20
1829;5.68E-10;20
1830;5.66E-10;20
1831;5.65E-10;20
1832;5.64E-10;20
1833;5.62E-10;20
1834;5.61E-10;20
1835;5.60E-10;20
1836;5.59E-10;20
1837;5.57E-10;20
1838;5.56E-10;20
1839;5.55E-10;20
1840;5.53E-10;20
1841;5.52E-10;20
1842;5.51E-10;20
1843;5.50E-10;20
1844;5.48E-10;20
1845;5.47E-10;20
1846;5.46E-10;20
1847;5.45E-10;20
1848;5.43E-10;20
1849;5.42E-10;20
1850;5.41E-10;20
1851;5.40E-10;20
1852;5.39E-10;20
1853;5.37E-10;20
1854;5.36E-10;20
1855;5.35E-10;20
1856;5.34E-10;20
1857;5.32E-10;20
1858;5.31E-10;20
1859;5.30E-10;20
1860;5.29E-10;20
1861;5.27E-10;20
1862;5.26E-10;20
1863;5.25E-10;20
1864;5.24E-10;20
1865;5.22E-10;20
1866;5.21E-10;20
1867;5.20E-10;20
1868;5.18E-10;20
1869;5.17E-10;20
1870;5.16E-10;20
1871;5.14E-10;20
1872;5.13E-10;20
1873;5.12E-10;20
1874;5.11E-10;20
1875;5.09E-10;20
1876;5.08E-10;20
1877;5.07E-10;20
1878;5.05E-10;20
1879;5.04E-10;20
1880;5.03E-10;20
1881;5.01E-10;20
1882;5.00E-10;20
1883;4.99E-10;20
1884;4.97E-10;20
1885;4.96E-10;20
1886;4.95E-10;20
1887;4.94E-10;20
1888;4.92E-10;20
1889;4.91E-10;20
1890;4.90E-10;20
1891;4.89E-10;20
1892;4.87E-10;20
1893;4.86E-10;20
1894;4.85E-10;20
1895;4.83E-10;20
1896;4.82E-10;20
1897;4.81E-10;20
1898;4.80E-10;20
1899;4.78E-10;20
1900;4.77E-10;20
1901;4.76E-10;20
1902;4.74E-10;20
1903;4.73E-10;20
1904;4.72E-10;20
1905;4.71E-10;20
1906;4.69E-10;20
1907;4.68E-10;20
1908;4.67E-10;20
1909;4.65E-10;20
1910;4.64E-10;20
1911;4.63E-10;20
1912;4.61E-10;20
1913;4.60E-10;20
1914;4.59E-10;20
1915;4.58E-10;20
1916;4.56E-10;20
1917;4.55E-10;20
1918;4.54E-10;20
1919;4.52E-10;20
1920;4.51E-10;20
1921;4.50E-10;20
1922;4.48E-10;20
1923;4.47E-10;20
1924;4.46E-10;20
1925;4.44E-10;20
1926;4.43E-10;20
1927;4.42E-10;20
1928;4.40E-10;20
1929;4.39E-10;20
1930;4.38E-10;20
1931;4.37E-10;20
1932;4.35E-10;20
1933;4.34E-10;20
1934;4.33E-10;20
1935;4.31E-10;20
1936;4.30E-10;20
1937;4.29E-10;20
1938;4.28E-10;20
1939;4.27E-10;20
1940;4.26E-10;20
1941;4.25E-10;20
1942;4.23E-10;20
1943;4.22E-10;20
1944;4.21E-10;20
1945;4.20E-10;20
1946;4.19E-10;20
1947;4.18E-10;20
1948;4.17E-10;20
1949;4.16E-10;20
1950;4.15E-10;20
1951;4.14E-10;20
1952;4.13E-10;20
1953;4.12E-10;20
1954;4.11E-10;20
1955;4.09E-10;20
1956;4.08E-10;20
1957;4.07E-10;20
1958;4.06E-10;20
1959;4.05E-10;20
1960;4.04E-10;20
1961;4.03E-10;20
1962;4.02E-10;20
1963;4.01E-10;20
1964;4.00E-10;20
1965;3.99E-10;20
1966;3.98E-10;20
1967;3.97E-10;20
1968;3.96E-10;20
1969;3.95E-10;20
1970;3.94E-10;20
1971;3.93E-10;20
1972;3.92E-10;20
1973;3.91E-10;20
1974;3.90E-10;20
1975;3.89E-10;20
1976;3.88E-10;20
1977;3.88E-10;20
1978;3.87E-10;20
1979;3.86E-10;20
1980;3.85E-10;20
1981;3.84E-10;20
1982;3.83E-10;20
1983;3.82E-10;20
1984;3.81E-10;20
1985;3.80E-10;20
1986;3.79E-10;20
1987;3.78E-10;20
1988;3.78E-10;20
1989;3.77E-10;20
1990;3.76E-10;20
1991;3.75E-10;20
1992;3.74E-10;20
1993;3.73E-10;20
1994;3.72E-10;20
1995;3.71E-10;20
1996;3.70E-10;20
1997;3.69E-10;20
1998;3.69E-10;20
1999;3.68E-10;20
2000;3.67E-10;20
2001;3.66E-10;20
2002;3.65E-10;20
2003;3.64E-10;20
2004;3.64E-10;20
2005;3.63E-10;20
2006;3.62E-10;20
2007;3.61E-10;20
2008;3.60E-10;20
2009;3.59E-10;20
2010;3.59E-10;20
2011;3.58E-10;20
2012;3.57E-10;20
2013;3.56E-10;20
2014;3.55E-10;20
2015;3.54E-10;20
2016;3.54E-10;20
2017;3.53E-10;20
2018;3.52E-10;20
2019;3.51E-10;20
2020;3.50E-10;20
2021;3.49E-10;20
2022;3.49E-10;20
2023;3.48E-10;20
2024;3.47E-10;20
2025;3.46E-10;20
2026;3.45E-10;20
2027;3.45E-10;20
2028;3.44E-10;20
2029;3.43E-10;20
2030;3.42E-10;20
2031;3.41E-10;20
2032;3.41E-10;20
2033;3.40E-10;20
2034;3.39E-10;20
2035;3.38E-10;20
2036;3.37E-10;20
2037;3.36E-10;20
2038;3.36E-10;20
2039;3.35E-10;20
2040;3.34E-10;20
2041;3.33E-10;20
2042;3.32E-10;20
2043;3.32E-10;20
2044;3.31E-10;20
2045;3.30E-10;20
2046;3.29E-10;20
2047;3.28E-10;20
2048;3.28E-10;20
2049;3.27E-10;20
2050;3.26E-10;20
2051;3.25E-10;20
2052;3.24E-10;20
2053;3.24E-10;20
2054;3.23E-10;20
2055;3.22E-10;20
2056;3.21E-10;20
2057;3.21E-10;20
2058;3.20E-10;20
2059;3.19E-10;20
2060;3.18E-10;20
2061;3.17E-10;20
2062;3.17E-10;20
2063;3.16E-10;20
2064;3.15E-10;20
2065;3.14E-10;20
2066;3.13E-10;20
2067;3.13E-10;20
2068;3.12E-10;20
2069;3.11E-10;20
2070;3.11E-10;20
2071;3.10E-10;20
2072;3.09E-10;20
2073;3.09E-10;20
2074;3.08E-10;20
2075;3.07E-10;20
2076;3.07E-10;20
2077;3.06E-10;20
2078;3.05E-10;20
2079;3.05E-10;20
2080;3.04E-10;20
2081;3.03E-10;20
2082;3.03E-10;20
2083;3.02E-10;20
2084;3.02E-10;20
2085;3.01E-10;20
2086;3.00E-10;20
2087;3.00E-10;20
2088;2.99E-10;20
2089;2.98E-10;20
2090;2.98E-10;20
2091;2.97E-10;20
2092;2.96E-10;20
2093;2.96E-10;20
2094;2.95E-10;20
2095;2.94E-10;20
2096;2.93E-10;20
2097;2.93E-10;20
2098;2.92E-10;20
2099;2.91E-10;20
2100;2.91E-10;20
2101;2.90E-10;20
2102;2.89E-10;20
2103;2.89E-10;20
2104;2.88E-10;20
2105;2.87E-10;20
2106;2.86E-10;20
2107;2.86E-10;20
2108;2.85E-10;20
2109;2.84E-10;20
2110;2.84E-10;20
2111;2.83E-10;20
2112;2.82E-10;20
2113;2.82E-10;20
2114;2.81E-10;20
2115;2.80E-10;20
2116;2.79E-10;20
2117;2.79E-10;20
2118;2.78E-10;20
2119;2.77E-10;20
2120;2.77E-10;20
2121;2.76E-10;20
2122;2.75E-10;20
2123;2.75E-10;20
2124;2.74E-10;20
2125;2.73E-10;20
2126;2.73E-10;20
2127;2.72E-10;20
2128;2.71E-10;20
2129;2.71E-10;20
2130;2.70E-10;20
2131;2.69E-10;20
2132;2.69E-10;20
2133;2.68E-10;20
2134;2.67E-10;20
2135;2.67E-10;20
2136;2.66E-10;20
2137;2.65E-10;20
2138;2.64E-10;20
2139;2.64E-10;20
2140;2.63E-10;20
2141;2.62E-10;20
2142;2.61E-10;20
2143;2.61E-10;20
2144;2.60E-10;20
2145;2.59E-10;20
2146;2.59E-10;20
2147;2.58E-10;20
2148;2.57E-10;20
2149;2.56E-10;20
2150;2.56E-10;20
2151;2.55E-10;20
2152;2.54E-10;20
2153;2.54E-10;20
2154;2.53E-10;20
2155;2.52E-10;20
2156;2.51E-10;20
2157;2.51E-10;20
2158;2.50E-10;20
2159;2.50E-10;20
2160;2.49E-10;20
2161;2.48E-10;20
2162;2.48E-10;20
2163;2.47E-10;20
2164;2.47E-10;20
2165;2.46E-10;20
2166;2.45E-10;20
2167;2.45E-10;20
2168;2.44E-10;20
2169;2.44E-10;20
2170;2.43E-10;20
2171;2.42E-10;20
2172;2.42E-10;20
2173;2.41E-10;20
2174;2.41E-10;20
2175;2.40E-10;20
2176;2.40E-10;20
2177;2.39E-10;20
2178;2.38E-10;20
2179;2.38E-10;20
2180;2.37E-10;20
2181;2.37E-10;20
2182;2.36E-10;20
2183;2.36E-10;20
2184;2.35E-10;20
2185;2.34E-10;20
2186;2.34E-10;20
2187;2.33E-10;20
2188;2.33E-10;20
2189;2.32E-10;20
2190;2.32E-10;20
2191;2.31E-10;20
2192;2.31E-10;20
2193;2.30E-10;20
2194;2.29E-10;20
2195;2.29E-10;20
2196;2.28E-10;20
2197;2.28E-10;20
2198;2.27E-10;20
2199;2.27E-10;20
2200;2.26E-10;20
2201;2.26E-10;20
2202;2.25E-10;20
2203;2.24E-10;20
2204;2.24E-10;20
2205;2.23E-10;20
2206;2.23E-10;20
2207;2.22E-10;20
2208;2.22E-10;20
2209;2.21E-10;20
2210;2.21E-10;20
2211;2.20E-10;20
2212;2.19E-10;20
2213;2.19E-10;20
2214;2.18E-10;20
2215;2.18E-10;20
2216;2.17E-10;20
2217;2.17E-10;20
2218;2.16E-10;20
2219;2.16E-10;20
2220;2.15E-10;20
2221;2.14E-10;20
2222;2.14E-10;20
2223;2.13E-10;20
2224;2.13E-10;20
2225;2.12E-10;20
2226;2.12E-10;20
2227;2.11E-10;20
2228;2.11E-10;20
2229;2.10E-10;20
2230;2.10E-10;20
2231;2.09E-10;20
2232;2.08E-10;20
2233;2.08E-10;20
2234;2.07E-10;20
2235;2.07E-10;20
2236;2.06E-10;20
2237;2.06E-10;20
2238;2.05E-10;20
2239;2.05E-10;20
2240;2.04E-10;20
2241;2.04E-10;20
2242;2.03E-10;20
2243;2.02E-10;20
2244;2.02E-10;20
2245;2.01E-10;20
2246;2.01E-10;20
2247;2.00E-10;20
2248;2.00E-10;20
2249;1.99E-10;20
2250;1.99E-10;20
2251;1.98E-10;20
2252;1.98E-10;20
2253;1.97E-10;20
2254;1.97E-10;20
2255;1.96E-10;20
2256;1.96E-10;20
2257;1.95E-10;20
2258;1.95E-10;20
2259;1.94E-10;20
2260;1.94E-10;20
2261;1.93E-10;20
2262;1.92E-10;20
2263;1.92E-10;20
2264;1.91E-10;20
2265;1.91E-10;20
2266;1.90E-10;20
2267;1.90E-10;20
2268;1.89E-10;20
2269;1.89E-10;20
2270;1.88E-10;20
2271;1.88E-10;20
2272;1.87E-10;20
2273;1.87E-10;20
2274;1.86E-10;20
2275;1.86E-10;20
2276;1.85E-10;20
2277;1.84E-10;20
2278;1.84E-10;20
2279;1.83E-10;20
2280;1.83E-10;20
2281;1.82E-10;20
2282;1.82E-10;20
2283;1.81E-10;20
2284;1.81E-10;20
2285;1.80E-10;20
2286;1.79E-10;20
2287;1.79E-10;20
2288;1.78E-10;20
2289;1.78E-10;20
2290;1.77E-10;20
2291;1.77E-10;20
2292;1.76E-10;20
2293;1.76E-10;20
2294;1.75E-10;20
2295;1.75E-10;20
2296;1.75E-10;20
2297;1.74E-10;20
2298;1.74E-10;20
2299;1.73E-10;20
2300;1.73E-10;20
2301;1.72E-10;20
2302;1.72E-10;20
2303;1.71E-10;20
2304;1.71E-10;20
2305;1.70E-10;20
2306;1.70E-10;20
2307;1.69E-10;20
2308;1.69E-10;20
2309;1.68E-10;20
2310;1.68E-10;20
2311;1.67E-10;20
2312;1.67E-10;20
2313;1.67E-10;20
2314;1.66E-10;20
2315;1.66E-10;20
2316;1.65E-10;20
2317;1.65E-10;20
2318;1.65E-10;20
2319;1.64E-10;20
2320;1.64E-10;20
2321;1.63E-10;20
2322;1.63E-10;20
2323;1.63E-10;20
2324;1.62E-10;20
2325;1.62E-10;20
2326;1.61E-10;20
2327;1.61E-10;20
2328;1.61E-10;20
2329;1.60E-10;20
2330;1.60E-10;20
2331;1.59E-10;20
2332;1.59E-10;20
2333;1.59E-10;20
2334;1.58E-10;20
2335;1.58E-10;20
2336;1.57E-10;20
2337;1.57E-10;20
2338;1.57E-10;20
2339;1.56E-10;20
2340;1.56E-10;20
2341;1.56E-10;20
2342;1.55E-10;20
2343;1.55E-10;20
2344;1.54E-10;20
2345;1.54E-10;20
2346;1.54E-10;20
2347;1.53E-10;20
2348;1.53E-10;20
2349;1.52E-10;20
2350;1.52E-10;20
2351;1.52E-10;20
2352;1.51E-10;20
2353;1.51E-10;20
2354;1.51E-10;20
2355;1.50E-10;20
2356;1.50E-10;20
2357;1.49E-10;20
2358;1.49E-10;20
2359;1.49E-10;20
2360;1.48E-10;20
2361;1.48E-10;20
2362;1.47E-10;20
2363;1.47E-10;20
2364;1.47E-10;20
2365;1.46E-10;20
2366;1.46E-10;20
2367;1.46E-10;20
2368;1.45E-10;20
2369;1.45E-10;20
2370;1.44E-10;20
2371;1.44E-10;20
2372;1.44E-10;20
2373;1.43E-10;20
2374;1.43E-10;20
2375;1.43E-10;20
2376;1.42E-10;20
2377;1.42E-10;20
2378;1.41E-10;20
2379;1.41E-10;20
2380;1.41E-10;20
2381;1.40E-10;20
2382;1.40E-10;20
2383;1.40E-10;20
2384;1.39E-10;20
2385;1.39E-10;20
2386;1.39E-10;20
2387;1.38E-10;20
2388;1.38E-10;20
2389;1.38E-10;20
2390;1.37E-10;20
2391;1.37E-10;20
2392;1.37E-10;20
2393;1.36E-10;20
2394;1.36E-10;20
2395;1.36E-10;20
2396;1.35E-10;20
2397;1.35E-10;20
2398;1.35E-10;20
2399;1.34E-10;20
2400;1.34E-10;20
2401;1.34E-10;20
2402;1.33E-10;20
2403;1.33E-10;20
2404;1.33E-10;20
2405;1.32E-10;20
2406;1.32E-10;20
2407;1.32E-10;20
2408;1.31E-10;20
2409;1.31E-10;20
2410;1.31E-10;20
2411;1.31E-10;20
2412;1.30E-10;20
2413;1.30E-10;20
2414;1.30E-10;20
2415;1.29E-10;20
2416;1.29E-10;20
2417;1.29E-10;20
2418;1.28E-10;20
2419;1.28E-10;20
2420;1.28E-10;20
2421;1.27E-10;20
2422;1.27E-10;20
2423;1.27E-10;20
2424;1.26E-10;20
2425;1.26E-10;20
2426;1.26E-10;20
2427;1.25E-10;20
2428;1.25E-10;20
2429;1.25E-10;20
2430;1.24E-10;20
2431;1.24E-10;20
2432;1.24E-10;20
2433;1.24E-10;20
2434;1.23E-10;20
2435;1.23E-10;20
2436;1.23E-10;20
2437;1.23E-10;20
2438;1.22E-10;20
2439;1.22E-10;20
2440;1.22E-10;20
2441;1.21E-10;20
2442;1.21E-10;20
2443;1.21E-10;20
2444;1.21E-10;20
2445;1.20E-10;20
2446;1.20E-10;20
2447;1.20E-10;20
2448;1.19E-10;20
2449;1.19E-10;20
2450;1.19E-10;20
2451;1.19E-10;20
2452;1.18E-10;20
2453;1.18E-10;20
2454;1.18E-10;20
2455;1.17E-10;20
2456;1.17E-10;20
2457;1.17E-10;20
2458;1.17E-10;20
2459;1.16E-10;20
2460;1.16E-10;20
2461;1.16E-10;20
2462;1.15E-10;20
2463;1.15E-10;20
2464;1.15E-10;20
2465;1.15E-10;20
2466;1.14E-10;20
2467;1.14E-10;20
2468;1.14E-10;20
2469;1.13E-10;20
2470;1.13E-10;20
2471;1.13E-10;20
2472;1.13E-10;20
2473;1.12E-10;20
2474;1.12E-10;20
2475;1.12E-10;20
2476;1.12E-10;20
2477;1.11E-10;20
2478;1.11E-10;20
2479;1.11E-10;20
2480;1.10E-10;20
2481;1.10E-10;20
2482;1.10E-10;20
2483;1.10E-10;20
2484;1.10E-10;20
2485;1.09E-10;20
2486;1.09E-10;20
2487;1.09E-10;20
2488;1.09E-10;20
2489;1.08E-10;20
2490;1.08E-10;20
2491;1.08E-10;20
2492;1.08E-10;20
2493;1.07E-10;20
2494;1.07E-10;20
2495;1.07E-10;20
2496;1.07E-10;20
2497;1.07E-10;20
2498;1.06E-10;20
2499;1.06E-10;20
2500;1.06E-10;20
2501;1.06E-10;20
2502;1.05E-10;20
2503;1.05E-10;20
2504;1.05E-10;20
2505;1.05E-10;20
2506;1.04E-10;20
2507;1.04E-10;20
2508;1.04E-10;20
2509;1.04E-10;20
2510;1.03E-10;20
2511;1.03E-10;20
2512;1.03E-10;20
2513;1.03E-10;20
2514;1.02E-10;20
2515;1.02E-10;20
2516;1.02E-10;20
2517;1.02E-10;20
2518;1.01E-10;20
2519;1.01E-10;20
2520;1.01E-10;20
2521;1.01E-10;20
2522;1.00E-10;20
2523;1.00E-10;20
2524;9.99E-11;20
2525;9.96E-11;20
2526;9.94E-11;20
2527;9.91E-11;20
2528;9.89E-11;20
2529;9.86E-11;20
2530;9.84E-11;20
2531;9.82E-11;20
2532;9.79E-11;20
2533;9.77E-11;20
2534;9.75E-11;20
2535;9.72E-11;20
2536;9.70E-11;20
2537;9.68E-11;20
2538;9.66E-11;20
2539;9.63E-11;20
2540;9.61E-11;20
2541;9.59E-11;20
2542;9.56E-11;20
2543;9.54E-11;20
2544;9.52E-11;20
2545;9.49E-11;20
2546;9.47E-11;20
2547;9.45E-11;20
2548;9.43E-11;20
2549;9.40E-11;20
2550;9.38E-11;20
2551;9.36E-11;20
2552;9.33E-11;20
2553;9.31E-11;20
2554;9.29E-11;20
2555;9.26E-11;20
2556;9.24E-11;20
2557;9.22E-11;20
2558;9.19E-11;20
2559;9.17E-11;20
2560;9.15E-11;20
2561;9.12E-11;20
2562;9.10E-11;20
2563;9.08E-11;20
2564;9.05E-11;20
2565;9.03E-11;20
2566;9.01E-11;20
2567;8.98E-11;20
2568;8.96E-11;20
2569;8.93E-11;20
2570;8.91E-11;20
2571;8.89E-11;20
2572;8.86E-11;20
2573;8.84E-11;20
2574;8.82E-11;20
2575;8.79E-11;20
2576;8.77E-11;20
2577;8.75E-11;20
2578;8.72E-11;20
2579;8.70E-11;20
2580;8.68E-11;20
2581;8.65E-11;20
2582;8.63E-11;20
2583;8.61E-11;20
2584;8.58E-11;20
2585;8.56E-11;20
2586;8.54E-11;20
2587;8.51E-11;20
2588;8.49E-11;20
2589;8.47E-11;20
2590;8.44E-11;20
2591;8.42E-11;20
2592;8.40E-11;20
2593;8.37E-11;20
2594;8.35E-11;20
2595;8.33E-11;20
2596;8.30E-11;20
2597;8.28E-11;20
2598;8.26E-11;20
2599;8.23E-11;20
2600;8.21E-11;20
2601;8.19E-11;20
2602;8.16E-11;20
2603;8.14E-11;20
2604;8.12E-11;20
2605;8.09E-11;20
2606;8.07E-11;20
2607;8.05E-11;20
2608;8.02E-11;20
2609;8.00E-11;20
2610;7.98E-11;20
2611;7.95E-11;20
2612;7.93E-11;20
2613;7.91E-11;20
2614;7.88E-11;20
2615;7.86E-11;20
2616;7.84E-11;20
2617;7.82E-11;20
2618;7.79E-11;20
2619;7.77E-11;20
2620;7.75E-11;20
2621;7.72E-11;20
2622;7.70E-11;20
2623;7.68E-11;20
2624;7.65E-11;20
2625;7.63E-11;20
2626;7.61E-11;20
2627;7.58E-11;20
2628;7.56E-11;20
2629;7.54E-11;20
2630;7.52E-11;20
2631;7.49E-11;20
2632;7.47E-11;20
2633;7.45E-11;20
2634;7.42E-11;20
2635;7.40E-11;20
2636;7.38E-11;20
2637;7.36E-11;20
2638;7.33E-11;20
2639;7.31E-11;20
2640;7.29E-11;20
2641;7.26E-11;20
2642;7.24E-11;20
2643;7.22E-11;20
2644;7.20E-11;20
2645;7.17E-11;20
2646;7.15E-11;20
2647;7.13E-11;20
2648;7.11E-11;20
2649;7.08E-11;20
2650;7.06E-11;20
2651;7.04E-11;20
2652;7.02E-11;20
2653;6.99E-11;20
2654;6.97E-11;20
2655;6.95E-11;20
2656;6.93E-11;20
2657;6.90E-11;20
2658;6.88E-11;20
2659;6.86E-11;20
2660;6.84E-11;20
2661;6.82E-11;20
2662;6.80E-11;20
2663;6.78E-11;20
2664;6.76E-11;20
2665;6.74E-11;20
2666;6.72E-11;20
2667;6.70E-11;20
2668;6.69E-11;20
2669;6.67E-11;20
2670;6.65E-11;20
2671;6.63E-11;20
2672;6.61E-11;20
2673;6.59E-11;20
2674;6.57E-11;20
2675;6.55E-11;20
2676;6.54E-11;20
2677;6.52E-11;20
2678;6.50E-11;20
2679;6.48E-11;20
2680;6.46E-11;20
2681;6.44E-11;20
2682;6.42E-11;20
2683;6.41E-11;20
2684;6.39E-11;20
2685;6.37E-11;20
2686;6.35E-11;20
2687;6.34E-11;20
2688;6.32E-11;20
2689;6.30E-11;20
2690;6.29E-11;20
2691;6.27E-11;20
2692;6.25E-11;20
2693;6.23E-11;20
2694;6.22E-11;20
2695;6.20E-11;20
2696;6.18E-11;20
2697;6.17E-11;20
2698;6.15E-11;20
2699;6.13E-11;20
2700;6.11E-11;20
2701;6.10E-11;20
2702;6.08E-11;20
2703;6.06E-11;20
2704;6.05E-11;20
2705;6.03E-11;20
2706;6.01E-11;20
2707;6.00E-11;20
2708;5.98E-11;20
2709;5.97E-11;20
2710;5.95E-11;20
2711;5.94E-11;20
2712;5.92E-11;20
2713;5.91E-11;20
2714;5.89E-11;20
2715;5.88E-11;20
2716;5.86E-11;20
2717;5.85E-11;20
2718;5.83E-11;20
2719;5.82E-11;20
2720;5.80E-11;20
2721;5.79E-11;20
2722;5.77E-11;20
2723;5.76E-11;20
2724;5.74E-11;20
2725;5.73E-11;20
2726;5.71E-11;20
2727;5.70E-11;20
2728;5.69E-11;20
2729;5.67E-11;20
2730;5.66E-11;20
2731;5.64E-11;20
2732;5.63E-11;20
2733;5.62E-11;20
2734;5.60E-11;20
2735;5.59E-11;20
2736;5.58E-11;20
2737;5.56E-11;20
2738;5.55E-11;20
2739;5.54E-11;20
2740;5.52E-11;20
2741;5.51E-11;20
2742;5.50E-11;20
2743;5.48E-11;20
2744;5.47E-11;20
2745;5.46E-11;20
2746;5.44E-11;20
2747;5.43E-11;20
2748;5.42E-11;20
2749;5.40E-11;20
2750;5.39E-11;20
2751;5.38E-11;20
2752;5.36E-11;20
2753;5.35E-11;20
2754;5.34E-11;20
2755;5.32E-11;20
2756;5.31E-11;20
2757;5.30E-11;20
2758;5.28E-11;20
2759;5.27E-11;20
2760;5.25E-11;20
2761;5.24E-11;20
2762;5.23E-11;20
2763;5.21E-11;20
2764;5.20E-11;20
2765;5.18E-11;20
2766;5.17E-11;20
2767;5.16E-11;20
2768;5.14E-11;20
2769;5.13E-11;20
2770;5.11E-11;20
2771;5.10E-11;20
2772;5.09E-11;20
2773;5.07E-11;20
2774;5.06E-11;20
2775;5.05E-11;20
2776;5.03E-11;20
2777;5.02E-11;20
2778;5.00E-11;20
2779;4.99E-11;20
2780;4.98E-11;20
2781;4.96E-11;20
2782;4.95E-11;20
2783;4.93E-11;20
2784;4.92E-11;20
2785;4.91E-11;20
2786;4.89E-11;20
2787;4.88E-11;20
2788;4.87E-11;20
2789;4.85E-11;20
2790;4.84E-11;20
2791;4.82E-11;20
2792;4.81E-11;20
2793;4.80E-11;20
2794;4.78E-11;20
2795;4.77E-11;20
2796;4.76E-11;20
2797;4.74E-11;20
2798;4.73E-11;20
2799;4.71E-11;20
2800;4.70E-11;20
2801;4.69E-11;20
2802;4.68E-11;20
2803;4.66E-11;20
2804;4.65E-11;20
2805;4.64E-11;20
2806;4.62E-11;20
2807;4.61E-11;20
2808;4.60E-11;20
2809;4.59E-11;20
2810;4.57E-11;20
2811;4.56E-11;20
2812;4.55E-11;20
2813;4.54E-11;20
2814;4.52E-11;20
2815;4.51E-11;20
2816;4.50E-11;20
2817;4.49E-11;20
2818;4.47E-11;20
2819;4.46E-11;20
2820;4.45E-11;20
2821;4.43E-11;20
2822;4.42E-11;20
2823;4.41E-11;20
2824;4.40E-11;20
2825;4.38E-11;20
2826;4.37E-11;20
2827;4.36E-11;20
2828;4.34E-11;20
2829;4.33E-11;20
2830;4.32E-11;20
2831;4.31E-11;20
2832;4.29E-11;20
2833;4.28E-11;20
2834;4.27E-11;20
2835;4.25E-11;20
2836;4.24E-11;20
2837;4.23E-11;20
2838;4.22E-11;20
2839;4.20E-11;20
2840;4.19E-11;20
2841;4.18E-11;20
2842;4.16E-11;20
2843;4.15E-11;20
2844;4.14E-11;20
2845;4.13E-11;20
2846;4.11E-11;20
2847;4.10E-11;20
2848;4.09E-11;20
2849;4.08E-11;20
2850;4.06E-11;20
2851;4.05E-11;20
2852;4.04E-11;20
2853;4.03E-11;20
2854;4.01E-11;20
2855;4.00E-11;20
2856;3.99E-11;20
2857;3.98E-11;20
2858;3.96E-11;20
2859;3.95E-11;20
2860;3.94E-11;20
2861;3.93E-11;20
2862;3.91E-11;20
2863;3.90E-11;20
2864;3.89E-11;20
2865;3.87E-11;20
2866;3.86E-11;20
2867;3.85E-11;20
2868;3.84E-11;20
2869;3.82E-11;20
2870;3.81E-11;20
2871;3.80E-11;20
2872;3.78E-11;20
2873;3.77E-11;20
2874;3.76E-11;20
2875;3.75E-11;20
2876;3.73E-11;20
2877;3.72E-11;20
2878;3.71E-11;20
2879;3.69E-11;20
2880;3.68E-11;20
2881;3.67E-11;20
2882;3.66E-11;20
2883;3.65E-11;20
2884;3.63E-11;20
2885;3.62E-11;20
2886;3.61E-11;20
2887;3.60E-11;20
2888;3.59E-11;20
2889;3.58E-11;20
2890;3.56E-11;20
2891;3.55E-11;20
2892;3.54E-11;20
2893;3.53E-11;20
2894;3.52E-11;20
2895;3.51E-11;20
2896;3.50E-11;20
2897;3.48E-11;20
2898;3.47E-11;20
2899;3.46E-11;20
2900;3.45E-11;20
2901;3.44E-11;20
2902;3.43E-11;20
2903;3.42E-11;20
2904;3.41E-11;20
2905;3.39E-11;20
2906;3.38E-11;20
2907;3.37E-11;20
2908;3.36E-11;20
2909;3.35E-11;20
2910;3.34E-11;20
2911;3.33E-11;20
2912;3.32E-11;20
2913;3.31E-11;20
2914;3.30E-11;20
2915;3.29E-11;20
2916;3.28E-11;20
2917;3.27E-11;20
2918;3.26E-11;20
2919;3.25E-11;20
2920;3.24E-11;20
2921;3.22E-11;20
2922;3.21E-11;20
2923;3.20E-11;20
2924;3.19E-11;20
2925;3.18E-11;20
2926;3.17E-11;20
2927;3.16E-11;20
2928;3.15E-11;20
2929;3.14E-11;20
2930;3.13E-11;20
2931;3.12E-11;20
2932;3.11E-11;20
2933;3.10E-11;20
2934;3.09E-11;20
2935;3.08E-11;20
2936;3.07E-11;20
2937;3.06E-11;20
2938;3.05E-11;20
2939;3.04E-11;20
2940;3.03E-11;20
2941;3.02E-11;20
2942;3.02E-11;20
2943;3.01E-11;20
2944;3.00E-11;20
2945;2.99E-11;20
2946;2.98E-11;20
2947;2.97E-11;20
2948;2.96E-11;20
2949;2.95E-11;20
2950;2.94E-11;20
2951;2.93E-11;20
2952;2.92E-11;20
2953;2.91E-11;20
2954;2.90E-11;20
2955;2.89E-11;20
2956;2.88E-11;20
2957;2.87E-11;20
2958;2.86E-11;20
2959;2.85E-11;20
2960;2.85E-11;20
2961;2.84E-11;20
2962;2.83E-11;20
2963;2.82E-11;20
2964;2.81E-11;20
2965;2.80E-11;20
2966;2.80E-11;20
2967;2.79E-11;20
2968;2.78E-11;20
2969;2.77E-11;20
2970;2.76E-11;20
2971;2.76E-11;20
2972;2.75E-11;20
2973;2.74E-11;20
2974;2.73E-11;20
2975;2.72E-11;20
2976;2.72E-11;20
2977;2.71E-11;20
2978;2.70E-11;20
2979;2.69E-11;20
2980;2.68E-11;20
2981;2.68E-11;20
2982;2.67E-11;20
2983;2.66E-11;20
2984;2.65E-11;20
2985;2.65E-11;20
2986;2.64E-11;20
2987;2.63E-11;20
2988;2.62E-11;20
2989;2.62E-11;20
2990;2.61E-11;20
2991;2.60E-11;20
2992;2.59E-11;20
2993;2.59E-11;20
2994;2.58E-11;20
2995;2.57E-11;20
2996;2.56E-11;20
2997;2.56E-11;20
2998;2.55E-11;20
2999;2.54E-11;20
3000;2.53E-11;20
3001;2.53E-11;20
3002;2.52E-11;20
3003;2.51E-11;20
3004;2.50E-11;20
3005;2.50E-11;20
3006;2.49E-11;20
3007;2.48E-11;20
3008;2.48E-11;20
3009;2.47E-11;20
3010;2.46E-11;20
3011;2.46E-11;20
3012;2.45E-11;20
3013;2.44E-11;20
3014;2.44E-11;20
3015;2.43E-11;20
3016;2.42E-11;20
3017;2.42E-11;20
3018;2.41E-11;20
3019;2.41E-11;20
3020;2.40E-11;20
3021;2.39E-11;20
3022;2.39E-11;20
3023;2.38E-11;20
3024;2.37E-11;20
3025;2.37E-11;20
3026;2.36E-11;20
3027;2.35E-11;20
3028;2.35E-11;20
3029;2.34E-11;20
3030;2.33E-11;20
3031;2.33E-11;20
3032;2.32E-11;20
3033;2.32E-11;20
3034;2.31E-11;20
3035;2.30E-11;20
3036;2.30E-11;20
3037;2.29E-11;20
3038;2.28E-11;20
3039;2.28E-11;20
3040;2.27E-11;20
3041;2.26E-11;20
3042;2.26E-11;20
3043;2.25E-11;20
3044;2.24E-11;20
3045;2.24E-11;20
3046;2.23E-11;20
3047;2.23E-11;20
3048;2.22E-11;20
3049;2.21E-11;20
3050;2.21E-11;20
3051;2.20E-11;20
3052;2.19E-11;20
3053;2.19E-11;20
3054;2.18E-11;20
3055;2.18E-11;20
3056;2.17E-11;20
3057;2.17E-11;20
3058;2.16E-11;20
3059;2.15E-11;20
3060;2.15E-11;20
3061;2.14E-11;20
3062;2.14E-11;20
3063;2.13E-11;20
3064;2.13E-11;20
3065;2.12E-11;20
3066;2.11E-11;20
3067;2.11E-11;20
3068;2.10E-11;20
3069;2.10E-11;20
3070;2.09E-11;20
3071;2.08E-11;20
3072;2.08E-11;20
3073;2.07E-11;20
3074;2.07E-11;20
3075;2.06E-11;20
